<cartridge>

    <templateEngine>
        <macrolibrary name="templates/spring/RenderPreconditions.vm"/>
        <!-- cartridge-macrolibrary merge-point-->
    </templateEngine>

    <templateObject name="stringUtils" className="org.apache.commons.lang.StringUtils"/>
    <templateObject name="springUtils" className="org.andromda.cartridges.spring.SpringUtils"/>
    <templateObject name="escapeUtils" className="org.apache.commons.lang.StringEscapeUtils"/>
    <templateObject name="hibernateUtils" className="org.andromda.cartridges.spring.SpringHibernateUtils">
        <property reference="hibernateVersion"/>
    </templateObject>
    <!-- cartridge-templateObject merge-point-->

    <property reference="driver"/>
    <property reference="username"/>
    <property reference="password"/>
    <property reference="connectionUrl"/>
    <property reference="dataSource"/>
    <property reference="hibernatePoolSize"/>
    <property reference="hibernateTransactionManagerStrategy"/>
    <property reference="hibernateUserTransactionName"/>
    <property reference="hibernateTransactionManagerLookup"/>
    <property reference="hibernateUseOuterJoin"/>
    <property reference="hibernateShowSql"/>
    <property reference="hibernateJndiName"/>
    <property reference="hibernateDialect"/>
    <property reference="hibernateDefaultSchema"/>
    <property reference="hibernateMaxFetchDepth"/>
    <property reference="hibernateJdbcFetchSize"/>
    <property reference="hibernateJdbcBatchSize"/>
    <property reference="hibernateConnectionReleaseMode"/>
    <property reference="hibernateEnableCache"/>
    <property reference="hibernateJdbcUseScrollableResultSet"/>
    <property reference="hibernateJdbcUseStreamsForBinary"/>
    <property reference="hibernateHbm2DDLAuto"/>
    <property reference="hibernateQuerySubstitutions"/>
    <property reference="hibernateCacheProvider"/>
    <property reference="hibernateQueryCacheFactory"/>
    <property reference="applicationContext"/>
    <property reference="applicationContextManageable"/>
    <property reference="applicationContextDataSource"/>
    <property reference="applicationContextLocalDataSource"/>
    <property reference="applicationContextRemoteEjb"/>
    <property reference="applicationContextLocalEjb"/>
    <property reference="applicationContextServer"/>
    <property reference="applicationContextClient"/>
    <property reference="beanRefFactory"/>
    <property reference="beanRefFactoryId"/>
    <property reference="beanRefFactoryEjbId"/>
    <property reference="transactionManager"/>
    <property reference="localTransactionManager"/>
    <property reference="userTransactionName"/>
    <property reference="transactionManagerName"/>
    <property reference="sessionFactory"/>
    <property reference="serviceLocatorName"/>
    <property reference="springTypesPackage"/>
    <property reference="springPresentationTypesPackage"/>
    <property reference="manageableServiceLocatorName"/>
    <property reference="clientServiceLocatorName"/>
    <property reference="clientServiceLocatorClassloaderSwitching"/>
    <property reference="clientExceptionHandlingAdviceName"/>
    <property reference="criteriaSearchBaseName"/>
    <property reference="principalStoreName"/>
    <property reference="openSessionInViewFilterName"/>
    <property reference="ejbViewType"/>
    <property reference="ejbRemoteProxyFactoryBean"/>
    <property reference="ejbLocalProxyFactoryBean"/>
    <property reference="ejbSessionBeanBaseInterfaceLocal"/>
    <property reference="ejbSessionBeanBaseInterfaceRemote"/>
    <property reference="ejbSessionBeanBaseClass"/>
    <property reference="ejbRemoteUrlPackagePrefixes"/>
    <property reference="ejbRemoteProviderUrl"/>
    <property reference="ejbRemoteInitialContextFactory"/>
    <property reference="enableSpringTransactionsWhenEjbsEnabled"/>
    <property reference="ejbTransactionsEnabled"/>
    <property reference="serviceInterceptors"/>
    <property reference="serviceRemotePort"/>
    <property reference="serviceRemoteContext"/>
    <property reference="serviceRemoteServer"/>
    <property reference="securityRealm"/>
    <property reference="jndiDataSourceClass"/>
    <property reference="jdbcDataSourceClass"/>
    <property reference="jdbcDataSourceDestroyMethod"/>
    <property reference="parameterRequiredCheck"/>
    <property reference="xmlEncoding"/>
    <property reference="session-ejbs"/>
    <property reference="advice-impls"/>
    <property reference="daos"/>
    <property reference="enableDaoPropertiesCreateMethod"/>
    <property reference="acegiServiceSecurity"/>
    <property reference="acegiServiceSecurityInterceptor"/>
    <property reference="acegiServiceAccessDecisionManager"/>
    <property reference="acegiServiceDecisionVoter"/>
    <property reference="acegiRolePrefix"/>
    <property reference="acegiAuthenticationManager"/>
    <property reference="acegiRunAsManager"/>
    <!-- cartridge-property merge-point -->

    <!-- cartridge-resource merge-point -->

     <template
        path="templates/spring/SpringServiceLocator.vsl"
        outputPattern="$generatedFile"
        outlet="services"
        overwrite="true"
        outputToSingleFile="true"
        outputOnEmptyElements="false">
        <modelElements>
            <modelElement variable="services">
                <type name="org.andromda.cartridges.spring.metafacades.SpringService"/>
            </modelElement>
        </modelElements>
    </template>

    <template
        path="templates/spring/SpringClientServiceLocator.vsl"
        outputPattern="$generatedFile"
        outlet="services"
        overwrite="true"
        outputToSingleFile="true"
        outputOnEmptyElements="false">
        <modelElements>
            <modelElement variable="services">
                <type name="org.andromda.cartridges.spring.metafacades.SpringService">
                    <property name="remotable"/>
                </type>
            </modelElement>
        </modelElements>
    </template>

    <template
        path="templates/spring/SpringClientExceptionHandlingAdvice.vsl"
        outputPattern="$generatedFile"
        outlet="advice-impls"
        overwrite="false"
        outputToSingleFile="true"
        outputOnEmptyElements="false">
        <modelElements variable="services">
            <modelElement>
                <type name="org.andromda.cartridges.spring.metafacades.SpringService">
                    <property name="remotable"/>
                </type>
            </modelElement>
        </modelElements>
    </template>

    <template
        path="templates/spring/SpringService.vsl"
        outputPattern="{0}/{1}.java"
        outlet="services"
        overwrite="true">
        <modelElements variable="service">
            <modelElement>
                <type name="org.andromda.cartridges.spring.metafacades.SpringService">
                    <property name="configonly">false</property>
                </type>
            </modelElement>
        </modelElements>
    </template>

    <template
        path="templates/spring/SpringWebServiceDelegator.vsl"
        outputPattern="$generatedFile"
        outlet="services"
        overwrite="true">
        <modelElements variable="service">
            <modelElement>
                <type name="org.andromda.cartridges.spring.metafacades.SpringService">
                    <property name="webService"/>
                </type>
            </modelElement>
        </modelElements>
    </template>

    <template
        path="templates/spring/SpringServiceBase.vsl"
        outputPattern="$generatedFile"
        outlet="services"
        overwrite="true">
        <modelElements variable="service">
            <modelElement>
                <type name="org.andromda.cartridges.spring.metafacades.SpringService">
                    <property name="configonly">false</property>
                </type>
            </modelElement>
        </modelElements>
    </template>

    <template
        path="templates/spring/SpringPrincipalStore.java.vsl"
        outputPattern="$generatedFile"
        outlet="services"
        overwrite="true"
        outputToSingleFile="true"/>

    <template
        path="templates/spring/SpringServiceImpl.vsl"
        outputPattern="$generatedFile"
        outlet="service-impls"
        overwrite="false">
        <modelElements variable="service">
            <modelElement>
                <type name="org.andromda.cartridges.spring.metafacades.SpringService">
                    <property name="configonly">false</property>
                </type>
            </modelElement>
        </modelElements>
    </template>

    <template
        path="templates/spring/DefaultServiceException.vsl"
        outputPattern="$generatedFile"
        outlet="services"
        overwrite="true">
        <modelElements variable="service">
            <modelElement>
                <type name="org.andromda.cartridges.spring.metafacades.SpringService">
                    <property name="configonly">false</property>
                    <property name="allowDefaultServiceException"/>
                </type>
            </modelElement>
        </modelElements>
    </template>

    <template
        path="templates/spring/SpringDao.vsl"
        outputPattern="$generatedFile"
        outlet="daos"
        overwrite="true">
        <modelElements variable="entity">
            <modelElement>
                <type name="org.andromda.cartridges.spring.metafacades.SpringEntity"/>
            </modelElement>
        </modelElements>
    </template>

    <template
        path="templates/spring/hibernate/SpringHibernateDaoBase.vsl"
        outputPattern="$generatedFile"
        outlet="daos"
        overwrite="true">
        <modelElements variable="entity">
            <modelElement>
                <type name="org.andromda.cartridges.spring.metafacades.SpringEntity"/>
            </modelElement>
        </modelElements>
    </template>

    <template
        path="templates/spring/hibernate/SpringHibernateDaoImpl.vsl"
        outputPattern="$generatedFile"
        outlet="daos"
        overwrite="true">
        <modelElements variable="entity">
            <modelElement>
                <type name="org.andromda.cartridges.spring.metafacades.SpringEntity">
                    <property name="daoImplementationRequired">false</property>
                </type>
            </modelElement>
        </modelElements>
    </template>

    <template
        path="templates/spring/hibernate/SpringHibernateDaoImplManual.vsl"
        outputPattern="$generatedFile"
        outlet="dao-impls"
        overwrite="false">
        <modelElements variable="entity">
            <modelElement>
                <type name="org.andromda.cartridges.spring.metafacades.SpringEntity">
                    <property name="daoImplementationRequired"/>
                </type>
            </modelElement>
        </modelElements>
    </template>

    <template
        path="templates/spring/ejb/SpringSessionBean.vsl"
        outputPattern="$generatedFile"
        outlet="session-ejbs"
        overwrite="true">
        <modelElements variable="service">
            <modelElement>
                <type name="org.andromda.cartridges.spring.metafacades.SpringService">
                    <property name="configonly">false</property>
                </type>
            </modelElement>
        </modelElements>
    </template>

    <template
        path="templates/spring/ejb/SpringSession.vsl"
        outputPattern="$generatedFile"
        outlet="session-ejbs"
        overwrite="true">
        <modelElements variable="service">
            <modelElement>
                <type name="org.andromda.cartridges.spring.metafacades.SpringService">
                    <property name="configonly">false</property>
                </type>
            </modelElement>
        </modelElements>
    </template>

    <template
        path="templates/spring/ejb/SpringSessionHome.vsl"
        outputPattern="$generatedFile"
        outlet="session-ejbs"
        overwrite="true">
        <modelElements variable="service">
            <modelElement>
                <type name="org.andromda.cartridges.spring.metafacades.SpringService">
                    <property name="configonly">false</property>
                </type>
            </modelElement>
        </modelElements>
    </template>

    <template
        path="templates/spring/applicationContext.xml.vsl"
        outputPattern="$applicationContext"
        outlet="spring-configuration"
        overwrite="true"
        outputToSingleFile="true"
        outputOnEmptyElements="false">
        <modelElements>
            <modelElement variable="entities">
                <type name="org.andromda.cartridges.spring.metafacades.SpringEntity"/>
            </modelElement>
            <modelElement variable="services">
                <type name="org.andromda.cartridges.spring.metafacades.SpringService">
                    <property name="abstract">false</property>
                </type>
            </modelElement>
            <modelElement variable="manageables">
                <type name="org.andromda.cartridges.spring.metafacades.SpringManageableEntity"/>
            </modelElement>
        </modelElements>
    </template>

    <template
        path="templates/spring/applicationContext-dataSource.xml.vsl"
        outputPattern="$applicationContextDataSource"
        outlet="spring-configuration"
        overwrite="true"
        outputToSingleFile="true"
        outputOnEmptyElements="false">
        <modelElements>
            <modelElement variable="entities">
                <type name="org.andromda.cartridges.spring.metafacades.SpringEntity"/>
            </modelElement>
            <modelElement variable="services">
                <type name="org.andromda.cartridges.spring.metafacades.SpringService"/>
            </modelElement>
        </modelElements>
    </template>

    <template
        path="templates/spring/applicationContext-localDataSource.xml.vsl"
        outputPattern="$applicationContextLocalDataSource"
        outlet="spring-configuration"
        overwrite="true"
        outputToSingleFile="true"
        outputOnEmptyElements="false">
        <modelElements>
            <modelElement variable="entities">
                <type name="org.andromda.cartridges.spring.metafacades.SpringEntity"/>
            </modelElement>
            <modelElement variable="services">
                <type name="org.andromda.cartridges.spring.metafacades.SpringService"/>
            </modelElement>
        </modelElements>
    </template>

    <template
        path="templates/spring/applicationContext-server.xml.vsl"
        outputPattern="$applicationContextServer"
        outlet="spring-configuration"
        overwrite="true"
        outputToSingleFile="true"
        outputOnEmptyElements="false">
        <modelElements>
            <modelElement variable="services">
                <type name="org.andromda.cartridges.spring.metafacades.SpringService">
                    <property name="remotable"/>
                </type>
            </modelElement>
        </modelElements>
    </template>

    <template
        path="templates/spring/applicationContext-client.xml.vsl"
        outputPattern="$applicationContextClient"
        outlet="spring-configuration"
        overwrite="true"
        outputToSingleFile="true"
        outputOnEmptyElements="false">
        <modelElements>
            <modelElement variable="services">
                <type name="org.andromda.cartridges.spring.metafacades.SpringService">
                    <property name="remotable"/>
                </type>
            </modelElement>
        </modelElements>
    </template>

    <template
        path="templates/spring/ejb/applicationContext-remoteEjb.xml.vsl"
        outputPattern="$applicationContextRemoteEjb"
        outlet="spring-configuration"
        overwrite="true"
        outputToSingleFile="true"
        outputOnEmptyElements="false">
        <modelElements>
            <modelElement variable="services">
                <type name="org.andromda.cartridges.spring.metafacades.SpringService" />
            </modelElement>
        </modelElements>
    </template>

    <template
        path="templates/spring/ejb/applicationContext-localEjb.xml.vsl"
        outputPattern="$applicationContextLocalEjb"
        outlet="spring-configuration"
        overwrite="true"
        outputToSingleFile="true"
        outputOnEmptyElements="false">
        <modelElements>
            <modelElement variable="services">
                <type name="org.andromda.cartridges.spring.metafacades.SpringService" />
            </modelElement>
        </modelElements>
    </template>

    <template
        path="templates/spring/ejb/ejb-jar.xml.vsl"
        outputPattern="META-INF/ejb-jar.xml"
        outlet="session-ejbs"
        overwrite="true"
        outputToSingleFile="true"
        outputOnEmptyElements="false">
        <modelElements variable="services">
            <modelElement>
                <type name="org.andromda.cartridges.spring.metafacades.SpringService"/>
            </modelElement>
        </modelElements>
    </template>

    <template
        path="templates/spring/ejb/jboss.xml.vsl"
        outputPattern="META-INF/jboss.xml"
        outlet="session-ejbs"
        overwrite="true"
        outputToSingleFile="true"
        outputOnEmptyElements="false">
        <modelElements variable="services">
            <modelElement>
                <type name="org.andromda.cartridges.spring.metafacades.SpringService"/>
            </modelElement>
        </modelElements>
    </template>

    <template
        path="templates/spring/beanRefFactory.xml.vsl"
        outputPattern="$beanRefFactory"
        outlet="spring-configuration"
        overwrite="true"
        outputToSingleFile="true"
        outputOnEmptyElements="false">
        <modelElements>
            <modelElement variable="services">
                <type name="org.andromda.cartridges.spring.metafacades.SpringService"/>
            </modelElement>
            <modelElement>
                <type name="org.andromda.cartridges.spring.metafacades.SpringEntity"/>
            </modelElement>
            <modelElement variable="manageables">
                <type name="org.andromda.cartridges.spring.metafacades.SpringManageableEntity"/>
            </modelElement>
        </modelElements>
    </template>

    <template
        path="templates/spring/hibernate/HibernateSearch.vsl"
        outputPattern="$generatedFile"
        outlet="daos"
        overwrite="true"
        outputToSingleFile="true">
        <modelElements variable="entities">
            <modelElement>
                <type name="org.andromda.cartridges.spring.metafacades.SpringEntity"/>
            </modelElement>
        </modelElements>
    </template>

    <template
        path="templates/spring/hibernate/HibernateSearchProperties.vsl"
        outputPattern="$generatedFile"
        outlet="daos"
        overwrite="true"
        outputToSingleFile="true">
        <modelElements variable="entities">
            <modelElement>
                <type name="org.andromda.cartridges.spring.metafacades.SpringEntity"/>
            </modelElement>
        </modelElements>
    </template>

    <template
        path="templates/spring/hibernate/HibernateSearchConfiguration.vsl"
        outputPattern="$generatedFile"
        outlet="daos"
        overwrite="true"
        outputToSingleFile="true">
        <modelElements variable="entities">
            <modelElement>
                <type name="org.andromda.cartridges.spring.metafacades.SpringEntity"/>
            </modelElement>
        </modelElements>
    </template>

    <template
        path="templates/spring/hibernate/HibernateSearchParameter.vsl"
        outputPattern="$generatedFile"
        outlet="daos"
        overwrite="true"
        outputToSingleFile="true">
        <modelElements variable="entities">
            <modelElement>
                <type name="org.andromda.cartridges.spring.metafacades.SpringEntity"/>
            </modelElement>
        </modelElements>
    </template>

    <template
        path="templates/spring/hibernate/SearchCriteria.vsl"
        outputPattern="{0}/{1}.java"
        outlet="daos"
        overwrite="true">
        <modelElements variable="class">
            <modelElement stereotype="CRITERIA"/>
        </modelElements>
    </template>

    <template
        path="templates/spring/presentation/hibernate/OpenSessionInViewFilter.java.vsl"
        outputPattern="$generatedFile"
        outlet="open-session-in-view"
        overwrite="true"
        outputToSingleFile="true">
        <modelElements variable="entities">
            <modelElement>
                <type name="org.andromda.cartridges.spring.metafacades.SpringEntity"/>
            </modelElement>
        </modelElements>
    </template>

    <!--
            C R U D
    -->

    <template
        path="templates/spring/crud/applicationContext-manageable.xml.vsl"
        outputPattern="$applicationContextManageable"
        outlet="spring-configuration"
        overwrite="true"
        outputToSingleFile="true"
        outputOnEmptyElements="false">
        <modelElements>
            <modelElement variable="manageables">
                <type name="org.andromda.cartridges.spring.metafacades.SpringManageableEntity"/>
            </modelElement>
        </modelElements>
    </template>

    <template
        path="templates/spring/crud/SpringCrudServiceLocator.vsl"
        outputPattern="$generatedFile"
        outlet="services"
        overwrite="true"
        outputToSingleFile="true"
        outputOnEmptyElements="false">
        <modelElements>
            <modelElement variable="manageables">
                <type name="org.andromda.cartridges.spring.metafacades.SpringManageableEntity"/>
            </modelElement>
        </modelElements>
    </template>

    <template
        path="templates/spring/crud/SpringCrudService.vsl"
        outputPattern="$generatedFile"
        outlet="services"
        overwrite="true">
        <modelElements variable="manageable">
            <modelElement>
                <type name="org.andromda.cartridges.spring.metafacades.SpringManageableEntity"/>
            </modelElement>
        </modelElements>
    </template>

    <template
        path="templates/spring/crud/SpringCrudServiceBase.vsl"
        outputPattern="$generatedFile"
        outlet="services"
        overwrite="true">
        <modelElements variable="manageable">
            <modelElement>
                <type name="org.andromda.cartridges.spring.metafacades.SpringManageableEntity"/>
            </modelElement>
        </modelElements>
    </template>

    <template
        path="templates/spring/crud/SpringCrudDao.vsl"
        outputPattern="$generatedFile"
        outlet="daos"
        overwrite="true">
        <modelElements variable="manageable">
            <modelElement>
                <type name="org.andromda.cartridges.spring.metafacades.SpringManageableEntity"/>
            </modelElement>
        </modelElements>
    </template>

    <template
        path="templates/spring/crud/SpringCrudDaoBase.vsl"
        outputPattern="$generatedFile"
        outlet="daos"
        overwrite="true">
        <modelElements variable="manageable">
            <modelElement>
                <type name="org.andromda.cartridges.spring.metafacades.SpringManageableEntity"/>
            </modelElement>
        </modelElements>
    </template>

    <template
        path="templates/spring/crud/SpringCrudValueObject.vsl"
        outputPattern="$generatedFile"
        outlet="daos"
        overwrite="true">
        <modelElements variable="manageable">
            <modelElement>
                <type name="org.andromda.cartridges.spring.metafacades.SpringManageableEntity"/>
            </modelElement>
        </modelElements>
    </template>

    <!-- cartridge-template merge-point -->

</cartridge>
