<?xml version="1.0" encoding="ISO-8859-1" ?>

<!-- contains the hibernate cartridge metafacade mappings -->
<metafacades>
    <property reference="daoNamePattern"/>
    <property reference="daoBaseNamePattern"/>
    <property reference="daoImplementationNamePattern"/>
    <property reference="ejbJndiNamePrefix"/>
    <property reference="ejbPackageNamePattern"/>
    <property reference="defaultServiceExceptionNamePattern"/>
    <property reference="defaultServiceExceptions"/>
    <property reference="serviceInterceptors"/>
    <property reference="serviceRemotingType"/>
    <property reference="serviceRemotePort"/>
    <property reference="serviceRemoteContext"/>
    <property reference="serviceRemoteServer"/>
    <property reference="entityNamePattern"/>
    <property reference="hibernateQueryUseNamedParameters"/>
    <property reference="hibernateInheritanceStrategy"/>
    <property reference="serviceOperationTransactionType"/>
    <property reference="ejbServiceOperationTransactionType"/>
    <property reference="serviceHibernateInterceptorEnabled"/>
    <property reference="ejbViewType"/>
    <metafacade class="org.andromda.cartridges.spring.metafacades.SpringQueryOperationLogicImpl">
        <mapping>
            <stereotype>FINDER_METHOD</stereotype>
            <context>org.andromda.cartridges.spring.metafacades.SpringEntity</context>
        </mapping>
    </metafacade>
    <metafacade class="org.andromda.cartridges.spring.metafacades.SpringQueryOperationLogicImpl">
        <mapping>
            <context>org.andromda.cartridges.spring.metafacades.SpringEntity</context>
            <property name="query"/>
        </mapping>
    </metafacade>
    <metafacade class="org.andromda.cartridges.spring.metafacades.SpringCriteriaSearchLogicImpl" contextRoot="true">
        <mapping>
            <stereotype>CRITERIA</stereotype>
        </mapping>
    </metafacade>
    <metafacade class="org.andromda.cartridges.spring.metafacades.SpringCriteriaAttributeLogicImpl">
        <mapping>
            <context>org.andromda.cartridges.spring.metafacades.SpringCriteriaSearch</context>
        </mapping>
    </metafacade>
    <metafacade class="org.andromda.cartridges.spring.metafacades.SpringServiceLogicImpl" contextRoot="true">
        <mapping>
            <stereotype>SERVICE</stereotype>
        </mapping>
        <property reference="ejbTransactionsEnabled"/>
        <property reference="webServiceOutgoingAttachmentHandlerCallPattern"/>
        <property reference="webServiceIncomingAttachmentHandlerCallPattern"/>
    </metafacade>
    <metafacade class="org.andromda.cartridges.spring.metafacades.SpringManageableEntityLogicImpl" contextRoot="true">
        <mapping>
            <stereotype>ENTITY</stereotype>
            <stereotype>MANAGEABLE</stereotype>
        </mapping>
    </metafacade>
    <metafacade class="org.andromda.cartridges.spring.metafacades.SpringManageableEntityAttributeLogicImpl">
        <mapping class="org.omg.uml.foundation.core.Attribute$Impl">
            <property name="owner.manageable"/>
        </mapping>
    </metafacade>
    <metafacade class="org.andromda.cartridges.spring.metafacades.SpringManageableEntityAssociationEndLogicImpl">
        <mapping>
            <context>org.andromda.cartridges.spring.metafacades.SpringManageableEntity</context>
        </mapping>
    </metafacade>
    <metafacade class="org.andromda.cartridges.spring.metafacades.SpringEntityLogicImpl" contextRoot="true">
        <mapping>
            <stereotype>ENTITY</stereotype>
        </mapping>
    </metafacade>
    <metafacade class="org.andromda.cartridges.spring.metafacades.SpringServiceOperationLogicImpl">
        <mapping>
            <context>org.andromda.cartridges.spring.metafacades.SpringService</context>
        </mapping>
        <property reference="implementationOperationNamePattern"/>
    </metafacade>
    <metafacade class="org.andromda.cartridges.spring.metafacades.SpringEntityOperationLogicImpl">
        <mapping>
            <context>org.andromda.cartridges.spring.metafacades.SpringEntity</context>
        </mapping>
        <property reference="implementationOperationNamePattern"/>
    </metafacade>
    <metafacade class="org.andromda.cartridges.spring.metafacades.SpringDependencyLogicImpl"/>
</metafacades>