<?xml version="1.0" encoding="ISO-8859-1" ?>

<namespace name="spring">
    <components>
        <component name="cartridge">
            <path>META-INF/andromda/cartridge.xml</path>
        </component>
        <component name="metafacades">
            <path>META-INF/andromda/metafacades.xml</path>
        </component>
        <component name="profile">
            <path>META-INF/andromda/profile.xml</path>
        </component>
    </components>
    <properties>
        <!-- namespace-propertyGroup merge-point -->
        <propertyGroup name="Outlets">
            <documentation>
                Defines the locations to which output is generated.
            </documentation>
            <property name="services">
                <documentation>
                    The location to which all service classes (including the service locator(s))
                    will be generated.
                </documentation>
            </property>
            <property name="service-impls">
                <documentation>
                    The location to which all service implementation classes
                    will be generated.
                </documentation>
            </property>
            <property name="daos">
                <documentation>
                    The location to which Spring DAOs, and any support classes.
                    <p>
                        Please <strong>NOTE</strong>
                        that the dao implementation classes will also be generated to this location when
                        <strong>no operations</strong> are present on the entity with <em>classifier scope</em>.
                    </p>
                </documentation>
            </property>
            <property name="dao-impls">
                <documentation>
                    The location to which Spring DAO implementation
                    classes will be generated (if there are any classifier scoped business
                    operations modeled on any entity).
                    <p>
                        Please <strong>NOTE</strong>
                        that the dao implementation classes will be generated to the <em>daos</em> outlet when
                        <strong>no operations</strong> are present on the entity with <em>classifier scope</em>.
                    </p>
                </documentation>
            </property>
            <property name="spring-configuration">
                <documentation>
                    The location to which the Spring applicationContext.xml
                    will be generated.
                </documentation>
            </property>
            <property name="open-session-in-view" required="false">
                <documentation>
                    The location to which the AndroMDA OpenSessionInViewFilter will be generated
                    (allows the Hibernate <em>open-session-in-view</em> pattern when you want to
                    expose your enties directly to your presentation tier - allows lazy-loading to
                    occur that level).
                </documentation>
            </property>
            <property name="session-ejbs" required="false">
                <documentation>
                    Not really used from the template except to check if it has been defined
                    or not, so that we can determine whether or not we'll use the session
                    EJBs for transaction management (rather than Spring's transaction framework)
                </documentation>
            </property>
            <property name="advice-impls" required="false">
                <documentation>
                    The location to which any advice implementation classes will be generated.  Currently
                    this is useful when using the cartridge's remoting support.
                </documentation>
            </property>
        </propertyGroup>
        <propertyGroup name="Other">
            <property name="webServiceOutgoingAttachmentHandlerCallPattern" required="false">
                <documentation>
                    The pattern to use when constructing the call to the attachment handler (used for sending
                    outgoing attachments when your service also represents a web service), for example:
                    <ul>
                        <li><strong>Axis</strong>: <code>org.andromda.webservice.AxisAttachmentHandler.saveAttachment(content, contentType, dime)</code></li>
                    </ul>
                    Attachments are good for sending large amounts of data over over the wire as it doesn't embed the data
                    directly in the XML.
                    <strong>NOTE:</strong> the handler call must have three parameters named <em>content</em>, <em>contentType</em> and <em>dime</em>.
                </documentation>
            </property>
            <property name="webServiceIncomingAttachmentHandlerCallPattern" required="false">
                <documentation>
                    The pattern to use when constructing the call to the attachment handler (used for retrieving
                    incoming attachments when your service also represents a web service), for example:
                    <ul>
                        <li><strong>Axis</strong>: <code>org.andromda.webservice.AxisAttachmentHandler.getAttachments()</code></li>
                    </ul>
                    Attachments are good for sending large amounts of data over over the wire as it doesn't embed the data
                    directly in the XML.
                </documentation>
            </property>
            <property name="enableDaoPropertiesCreateMethod">
                <default>true</default>
                <documentation>
                    Whether or not the create methods on the DAOs taking properties
                    from the entity shall be generated.
                </documentation>
            </property>
            <property name="daoNamePattern">
                <default>{0}Dao</default>
                <documentation>
                    The pattern to use when constructing the DAO name. <em>{0}</em> is used to represent
                    the entity name in the model, so if you specified a value of <code>{0}Dao</code> all
                    the entities generated would have a suffix of "Dao".
                </documentation>
            </property>
            <property name="daoBaseNamePattern">
                <default>{0}DaoBase</default>
                <documentation>
                    The pattern to use when constructing the base DAO's name.
                    <em>{0}</em> is used to represent the entity name
                    in the model, so if you specified a value of
                    <code>{0}DaoBase</code> all the entities generated
                    would have a suffix of "DaoBase".
                </documentation>
            </property>
            <property name="daoImplementationNamePattern">
                <default>{0}DaoImpl</default>
                <documentation>
                    The pattern to use when constructing the DAO's
                    implementation name. <em>{0}</em> is used to represent
                    the entity name in the model, so if you specified a value of
                    <code>{0}DaoImpl</code> all the entities generated
                    would have a suffix of "DaoImpl".
                </documentation>
            </property>
            <property name="ejbJndiNamePrefix" required="false">
                <documentation>
                    The prefix to give to the Session EJB JNDI names (this allows
                    the same Session EJB to be deployed multiple times in the same
                    container)
                </documentation>
            </property>
            <property name="enableSpringTransactionsWhenEjbsEnabled">
                <default>true</default>
                <documentation>
                    Whether or not to enable Spring transaction support when EJBs are enabled.  If this is set to false
                    then only EJB transaction support is generated.
                </documentation>
            </property>
            <property name="ejbTransactionsEnabled">
                <default>true</default>
                <documentation>
                    Whether or not EJB transactions should be enabled.  This is sometimes useful to turn off
                    when you're using EJB wrapped spring services but want to turn off EJB transaction management
                    so that Spring alone handles the transactions (note that this property only make sense when EJBs are enabled).
                </documentation>
            </property>
            <property name="ejbRemoteProxyFactoryBean">
                <default>org.springframework.ejb.access.SimpleRemoteStatelessSessionProxyFactoryBean</default>
                <documentation>
                    Full class name for proxy factory bean used in application context for
                    remote EJB access <code>applicationContextRemoteEjb</code>.
                </documentation>
            </property>
            <property name="ejbLocalProxyFactoryBean">
                <default>org.springframework.ejb.access.LocalStatelessSessionProxyFactoryBean</default>
                <documentation>
                    Full class name for proxy factory bean used in application context for
                    local EJB access <code>applicationContextLocalEjb</code>.
                </documentation>
            </property>
            <property name="ejbRemoteProviderUrl">
                <default>localhost:1099</default>
                <documentation>
                    The provider URL for remote EJB access.
                </documentation>
            </property>
            <property name="ejbRemoteInitialContextFactory">
                <default>org.jnp.interfaces.NamingContextFactory</default>
                <documentation>
                    The initial context factory class for remote EJB access.
                </documentation>
            </property>
            <property name="ejbRemoteUrlPackagePrefixes">
                <default>org.jboss.naming:org.jnp.interfaces</default>
                <documentation>
                    The URL package prefixes for remote EJB access.
                </documentation>
            </property>
            <property name="ejbPackageNamePattern">
                <default>{0}.ejb</default>
                <documentation>
                    If EJBs are being used, this specifies the pattern to be
                    used when constructing the EJB package name
                    (this allows a Spring Service to be wrapped by a Session EJB
                    and avoids name conflicts).  The <em>{0}</em> character
                    represents the service package name.  This could be something like
                    <em>{0}.ejb</em> which would create the Spring Session EJBs in the
                    package ending in the <em>ejb</em> package.
                </documentation>
            </property>
            <property name="defaultServiceExceptionNamePattern">
                <default>{0}Exception</default>
                <documentation>
                    The pattern to use when constructing the default service exception name.
                    <strong>NOTE:</strong> This propety is only applicable when defaultServiceExceptions
                    is <code>true</code>.
                </documentation>
            </property>
            <property name="defaultServiceExceptions">
                <default>true</default>
                <documentation>
                    Whether or not to generate a default exception for each service.  This exception
                    will handle unexpected exceptions occuring within the implemented operations.
                </documentation>
            </property>
            <property name="serviceInterceptors" required="false">
                <documentation>
                    Sets a list of default additional interceptors to be applied to service ProxyBeanFactory
                    declarations. They will be listed after the serviceSecurityInterceptor,
                    serviceTransactionInterceptor and hibernateInterceptor if present.
                </documentation>
            </property>
            <property name="serviceRemotingType">
                <default>none</default>
                <documentation>
                    Determines the type of remoting to be used for Spring services. Can any one of
                    <ul>
                        <li>none</li>
                        <li>rmi</li>
                        <li>httpinvoker</li>
                        <li>burlap</li>
                        <li>hessian</li>
                    </ul>
                </documentation>
            </property>
            <property name="serviceRemotePort">
                <default>8080</default>
                <documentation>
                    The port the exported services get published on.
                </documentation>
            </property>
            <property name="serviceRemoteContext" required="false">
                <documentation>
                    The context the exported services get published on.
                </documentation>
            </property>
            <property name="serviceRemoteServer">
                <default>localhost</default>
                <documentation>
                    The remote server the Spring services get published on.
                </documentation>
            </property>
            <property name="entityNamePattern">
                <default>{0}</default>
                <documentation>
                    The pattern to use when constructing an entity name.
                    <em>{0}</em> is used to represent the entity name
                    in the model, so if you specified a value of
                    <code>{0}Entity</code> all the entities generated
                    would have a suffix of "Entity".
                </documentation>
            </property>
            <property name="serviceOperationTransactionType">
                <default>PROPAGATION_REQUIRED</default>
                <documentation>
                    The default transaction type used for service operations (when not
                    wrapping your services with EJBs).
                    <strong>NOTE:</strong> Can be overridden on a per entity basis with the
                    <a href="profile.html#@andromda_spring_transaction_type">@andromda.spring.transaction.type</a>
                    tagged value.
                </documentation>
            </property>
            <property name="ejbServiceOperationTransactionType">
                <default>Required</default>
                <documentation>
                    The default transaction type definition used if EJB service operations.
                    <ul>
                        Permitted values are:
                        <li>NotSupported</li>
                        <li>Supports</li>
                        <li>Required</li>
                        <li>RequiresNew</li>
                        <li>Mandatory</li>
                        <li>Never</li>
                    </ul>
                </documentation>
            </property>
            <property name="ejbViewType">
                <default>local</default>
                <documentation>
                    If EJBs are being used, this specifies the view type
                    for the EJB interfaces.  Can be either <em>local</em>
                    or <code>remote</code>.
                </documentation>
            </property>
            <property name="ejbSessionBeanBaseInterfaceLocal">
                <default>javax.ejb.EJBLocalObject</default>
                <documentation>
                    Name of session bean local base interface for ejb wrapper.
                </documentation>
            </property>
            <property name="ejbSessionBeanBaseInterfaceRemote">
                <default>javax.ejb.EJBObject</default>
                <documentation>
                    Name of session bean remote base interface for ejb wrapper.
                </documentation>
            </property>
            <property name="ejbSessionBeanBaseClass">
                <default>org.springframework.ejb.support.AbstractStatelessSessionBean</default>
                <documentation>
                    Full name of session bean base class for ejb wrapper.
                </documentation>
            </property>
            <property name="implementationOperationNamePattern">
                <default>handle{0}</default>
                <documentation>
                    The pattern used to the create the implementation operation name
                    (i.e. the operations that actually perform the handling of the logic),
                    where <em>{0}</em> represents the operation name
                </documentation>
            </property>
            <property name="driver" required="false">
                <documentation>
                    JDBC Driver to make a database connection.
                </documentation>
            </property>
            <property name="username" required="false">
                <documentation>
                    The database user login name.
                </documentation>
            </property>
            <property name="password" required="false">
                <documentation>
                    The database user password.
                </documentation>
            </property>
            <property name="connectionUrl" required="false">
                <documentation>
                    URL for the JDBC Driver to make the connection to the database.
                </documentation>
            </property>
            <property name="dataSource" required="false">
                <documentation>
                    JNDI name of data source to use. (would be used instead
                    of the connection properties, driver, username, password, etc).
                </documentation>
            </property>
            <property name="applicationContext">
                <default>applicationContext.xml</default>
                <documentation>
                    The name given to the Spring application context file.
                </documentation>
            </property>
            <property name="applicationContextManageable">
                <default>applicationContext-manageable.xml</default>
                <documentation>
                    The name given to the Spring CRUD application context file.
                </documentation>
            </property>
            <property name="applicationContextDataSource">
                <default>applicationContext-dataSource.xml</default>
                <documentation>
                    The name given to the Spring datasource application context file
                </documentation>
            </property>
            <property name="applicationContextLocalDataSource" required="false">
                <default>applicationContext-localDataSource.xml</default>
                <documentation>
                    The name given to the Spring local datasource application context file
                </documentation>
            </property>
            <property name="applicationContextServer">
                <default>serverContext.xml</default>
                <documentation>
                    The name given to the Spring remote services application context xml file (server side)
                </documentation>
            </property>
            <property name="applicationContextClient">
                <default>clientContext.xml</default>
                <documentation>
                    The name given to the Spring remote services application context xml file (client side)
                </documentation>
            </property>
            <property name="applicationContextRemoteEjb">
                <default>applicationContext-remoteEjb.xml</default>
                <documentation>
                    The name/path of the application context resource
                    file that contains the bean proxy definitions for accessing the
                    ejb service wrappers (if generated with ejbViewType=remote) via remote ejb interfaces
                    (i.e. some/path/applicationContext-remoteejb.xml).
                </documentation>
            </property>
            <property name="applicationContextLocalEjb" required="false">
                <default>applicationContext-localEjb.xml</default>
                <documentation>
                    The name/path of the application context resource
                    file that contains the bean proxy definitions for accessing the
                    ejb service wrappers (if generated with ejbViewType=local) via local ejb interfaces
                    (i.e. some/path/applicationContext-localejb.xml)
                </documentation>
            </property>
            <property name="beanRefFactory">
                <default>beanRefFactory.xml</default>
                <documentation>
                    The name/path of the bean ref factory resource file (i.e. some/path/beanRefFactory.xml)
                </documentation>
            </property>
            <property name="beanRefFactoryId">
                <default>beanRefFactory</default>
                <documentation>
                    The ID for the Spring bean reference factory (used to load the bean factory).
                </documentation>
            </property>
            <property name="beanRefFactoryEjbId">
                <default>beanRefFactoryEjb</default>
                <documentation>
                    The ID for the Spring bean reference factory that holds the EJB references.
                </documentation>
            </property>
            <property name="transactionManager">
                <default>org.springframework.transaction.jta.JtaTransactionManager</default>
                <documentation>
                    The transaction manager implementation used by Spring.
                </documentation>
            </property>
            <property name="localTransactionManager">
                <default>org.springframework.orm.hibernate.HibernateTransactionManager</default>
                <documentation>
                    The transaction manager implementation used by Spring for the local datasource (applicationContextLocalDataSource).
                </documentation>
            </property>
            <property name="userTransactionName" required="false">
                <documentation>
                    The (JNDI-) user transaction manager of the J2EE container if using JTA transactions (via spring).
                </documentation>
            </property>
            <property name="transactionManagerName" required="false">
                <documentation>
                    The (JNDI-) transaction manager of the J2EE container if using JTA transactions (via spring).
                </documentation>
            </property>
            <property name="sessionFactory">
                <default>org.springframework.orm.hibernate.LocalSessionFactoryBean</default>
                <documentation>
                    Factory bean that creates a local Hibernate SessionFactory instance within Spring.
                </documentation>
            </property>
            <property name="springTypesPackage">
                <default>org.andromda.spring</default>
                <documentation>
                    The package to which extra types are generated (i.e. ServiceLocator).
                </documentation>
            </property>
            <property name="springPresentationTypesPackage">
                <default>org.andromda.spring.presentation</default>
                <documentation>
                    The package to which extra presentation types are generated (i.e. OpenSessionInViewFilter).
                </documentation>
            </property>
            <property name="serviceLocatorName">
                <default>ServiceLocator</default>
                <documentation>
                    The name to give the service locator class.
                </documentation>
            </property>
            <property name="manageableServiceLocatorName">
                <default>ManageableServiceLocator</default>
                <documentation>
                    The name to give the CRUD service locator class.
                </documentation>
            </property>
            <property name="clientServiceLocatorName">
                <default>ClientServiceLocator</default>
                <documentation>
                    The name to give the client service locator class.
                </documentation>
            </property>
            <property name="clientServiceLocatorClassloaderSwitching">
                <default>off</default>
                <documentation>
                    Whether the client service locator should switch the thread context class loader during
                    retrieval of the client application context xml file.
                </documentation>
            </property>
            <property name="clientExceptionHandlingAdviceName">
                <default>ClientExceptionHandlingAdvice</default>
                <documentation>
                    The name for the client side exception handling advice
                </documentation>
            </property>
            <property name="criteriaSearchBaseName">
                <default>CriteriaSearch</default>
                <documentation>
                    The base name for the hibernate criteria search utility classes.
                </documentation>
            </property>
            <property name="principalStoreName">
                <default>PrincipalStore</default>
                <documentation>
                    The name of the principal store class.
                </documentation>
            </property>
            <property name="openSessionInViewFilterName">
                <default>AndroMDAOpenSessionInViewFilter</default>
                <documentation>
                    The name of the OpenSessionInViewFilter (when using the open-session-in-view
                    pattern).
                </documentation>
            </property>
            <property name="securityRealm" required="false">
                <documentation>
                    The name of the security realm (i.e. animal-quiz, other, etc).
                    <strong>NOTE:</strong>This enables EJB security if specified.
                </documentation>
            </property>
            <property name="jndiDataSourceClass">
                <default>org.springframework.jndi.JndiObjectFactoryBean</default>
                <documentation>
                    The name of the class to use when using a JNDI data source for data access.
                </documentation>
            </property>
            <property name="jdbcDataSourceClass">
                <default>org.springframework.jdbc.datasource.DriverManagerDataSource</default>
                <documentation>
                    The name of the class to use when using a JDBC data source for data access.
                </documentation>
            </property>
            <property name="jdbcDataSourceDestroyMethod" required="false">
                <documentation>
                    The name of the method to use for destroying the JDBC datasource.
                </documentation>
            </property>
            <property name="parameterRequiredCheck">
                <default>true</default>
                <documentation>
                    Whether or not parameters should be checked if they're required (on DAOs and services)
                </documentation>
            </property>
            <property name="xmlEncoding">
                <default>UTF-8</default>
                <documentation>
                    The encoding for xml documents
                </documentation>
            </property>
        </propertyGroup>
        <propertyGroup name="Hibernate">
            <documentation>
                The properties for configuring <a href="http://www.hibernate.org">Hibernate</a> support generation.
            </documentation>
            <property name="hibernateVersion">
                <default>2</default>
                <documentation>
                    The version of Hibernate to use when generating.
                    <ul>
                        Allowable values are:
                        <li>2</li>
                        <li>3</li>
                    </ul>
                </documentation>
            </property>
            <property name="hibernateQueryUseNamedParameters">
                <default>false</default>
                <documentation>
                    Whether or not named parameters (i.e. ':someParameter') or unnamed
                    (i.e. '?') parameters should be used in the HQL queries embedded
                    within the model.
                    <strong>NOTE:</strong> Does not apply to queries written in OCL.
                </documentation>
            </property>
            <property name="hibernateInheritanceStrategy">
                <default>subclass</default>
                <documentation>
                    Defines the hibernate inheritance strategy (unless
                    overridden on an entity level by the
                    <a href="profile.html#@andromda.hibernate.inheritance">@andromda.hibernate.inheritance</a>
                    tagged value, can be the following possible values:
                    <ul>
                        <li>class - table per hierarchy.</li>
                        <li>subclass - table per class in hierarchy.</li>
                        <li>concrete - Table per class.</li>
                        <li>
                            interface - Root class is defined as an interface and the
                            attributes remapped to the subclasses.  This is useful in
                            the concrete case because it has limitations in the associations.
                        </li>
                    </ul>
                </documentation>
            </property>
            <property name="serviceHibernateInterceptorEnabled">
                <default>true</default>
                <documentation>
                    Whether or not the hibernate interceptor should be enabled
                    on services.
                </documentation>
            </property>
            <property name="hibernatePoolSize" required="false">
                <documentation>
                    Hibernate connection pool size.
                </documentation>
            </property>
            <property name="hibernateTransactionManagerStrategy" required="false">
                <documentation>
                    Strategy for obtaining the JTA TransactionManager
                </documentation>
            </property>
            <property name="hibernateUserTransactionName" required="false">
                <documentation>
                    The JNDI name of the JTA UserTransaction object
                </documentation>
            </property>
            <property name="hibernateTransactionManagerLookup" required="false">
                <documentation>
                    The fully qualified class name of the Hibernate TransactionFactory implementation
                </documentation>
            </property>
            <property name="hibernateUseOuterJoin" required="false">
                <documentation>
                    Whether or not to use outer joins.
                </documentation>
            </property>
            <property name="hibernateShowSql" required="false">
                <documentation>
                    Whether or not to log SQL statements (true/false).  By default
                    this is off (within Hibernate).
                </documentation>
            </property>
            <property name="hibernateJndiName" required="false">
                <documentation>
                    JNDI name bound to the SessionFactory.
                </documentation>
            </property>
            <property name="hibernateDialect" required="false">
                <documentation>
                    SQL dialect of the database being used.
                </documentation>
            </property>
            <property name="hibernateDefaultSchema" required="false">
                <documentation>
                    Qualify unqualified tablenames with the given
                    schema/tablespace in generated SQL.
                </documentation>
            </property>
            <property name="hibernateMaxFetchDepth" required="false">
                <documentation>
                    Sets a maximum "depth" for the outer join fetch tree. eg. recommended values between 0 and 3
                </documentation>
            </property>
            <property name="hibernateJdbcFetchSize" required="false">
                <documentation>
                    A non-zero value determines the JDBC fetch size.
                </documentation>
            </property>
            <property name="hibernateJdbcBatchSize" required="false">
                <documentation>
                    A nonzero value enables use of JDBC2 batch updates by Hibernate. ex: recommended values between 5 and 30
                </documentation>
            </property>
            <property name="hibernateJdbcUseScrollableResultSet" required="false">
                <documentation>
                    Whether or not to enable use of JDBC2 scrollable resultsets by Hibernate.
                    This property is only necessary when using user supplied connections.
                    Hibernate uses connection metadata otherwise.
                </documentation>
            </property>
            <property name="hibernateJdbcUseStreamsForBinary" required="false">
                <documentation>
                    Whether or not to use streams when writing / reading binary or serializable types to/from JDBC
                </documentation>
            </property>
            <property name="hibernateHbm2DDLAuto" required="false">
                <documentation>
                    Automatically export schema DDL to the database when the SessionFactory
                    is created. With create-drop, the database schema will be dropped when
                    the SessionFactory is closed explicitely. Permitted values are:
                    <ol>
                        <li>update</li>
                        <li>create</li>
                        <li>create-drop</li>
                    </ol>
                </documentation>
            </property>
            <property name="hibernateQuerySubstitutions" required="false">
                <documentation>
                    Allows you to define new Hibernate query tokens. For example:
                    giving this a value of <em>true=1, false=0</em>
                    would cause the tokens true and false to be translated to integer
                    literals in the generated SQL.
                </documentation>
            </property>
            <property name="hibernateEnableCache">
                <default>false</default>
                <documentation>
                    Enable/disable hibernate's second level cache features when using Hibernate.
                     <ul>
                        <li>true</li>
                        <li>false</li>
                     </ul>
                </documentation>
            </property>
            <property name="hibernateCacheProvider">
                <default>net.sf.hibernate.cache.EhCacheProvider</default>
                <documentation>
                     Defines the Hibernate cache provider implementation class.
                </documentation>
            </property>
            <property name="hibernateQueryCacheFactory">
                <default>net.sf.hibernate.cache.StandardQueryCacheFactory</default>
                <documentation>
                    Defines Hibernate query cache factory implementation class
                </documentation>
            </property>
            <property name="hibernateConnectionReleaseMode" required="false">
                <documentation>
                    Specify when Hibernate should release JDBC connections. By default, a JDBC connection 
                    is held until the session is explicitly closed or disconnected. For an application server JTA datasource, 
                    you should use after_statement to aggressively release connections after every JDBC call. 
                    For a non-JTA connection, it often makes sense to release the connection at the end of each 
                    transaction, by using after_transaction. auto will choose after_statement for the JTA and 
                    CMT transaction strategies and after_transaction for the JDBC transaction strategy. 
                    <ul>
                        Valid values are:
                        <li>on_close</li> - default
                        <li>after_transaction</li>
                        <li>after_statement</li>
                        <li>auto</li>
                    </ul>
                </documentation>
            </property>
        </propertyGroup>
        <propertyGroup name="Acegi Security">
            <documentation>
                Configures the declaritive role based security <strong>without EJB</strong>, which uses the
                <a href="http://acegisecurity.sourceforge.net">Acegi Security System for Spring</a>.
            </documentation>
            <property name="acegiServiceSecurity">
                <default>false</default>
                <documentation>
                    Whether or not acegi security framework should be used for role based recurity handling for spring services.
                </documentation>
            </property>
            <property name="acegiServiceSecurityInterceptor">
                <default>net.sf.acegisecurity.intercept.method.aopalliance.MethodSecurityInterceptor</default>
                <documentation>
                    The name of the class to use for the acegi security interception.
                </documentation>
            </property>
            <property name="acegiServiceAccessDecisionManager">
                <default>net.sf.acegisecurity.vote.AffirmativeBased</default>
                <documentation>
                    The name of the class to use for the acegi security access decision manager.
                </documentation>
            </property>
            <property name="acegiServiceDecisionVoter">
                <default>net.sf.acegisecurity.vote.RoleVoter</default>
                <documentation>
                    The name of the class to use for the acegi security access decision voter.
                </documentation>
            </property>
            <property name="acegiRolePrefix">
				<default>ROLE_</default>
                <documentation>
                    The prefix for all roles defined in the model. This configures the <code>acegiServiceDecisionVoter</code>s <code>rolePrefix</code>
					attribute. As proposed by Acegi for our default voter <code>net.sf.acegisecurity.vote.RoleVoter</code>, the default value is <code>ROLE_</code>.
					It can be overwritten with an empty string if no prefix is wanted/neccessary at all.
					Please <strong>NOTE</strong> that AndroMDA will add this prefix to all role/actor names, 
                    which do not already have it defined in the model.
                </documentation>
            </property>
            <property name="acegiAuthenticationManager" required="false">
                <documentation>
                    The bean name of the acegi authentication manager (defined in a seperate applicationContext outside of the generated one).
                </documentation>
            </property>
            <property name="acegiRunAsManager" required="false">
                <documentation>
                    The bean name of the acegi run as manager (defined in a seperate applicationContext outside of the generated one).
                </documentation>
            </property>
        </propertyGroup>
    </properties>
</namespace>