<?xml version="1.0" encoding="ISO-8859-1" ?>

<!-- contains the bpm4struts cartridge metafacade mappings -->
<metafacades>
    <property reference="defaultActionRedirect"/>
    <!-- denotes which kind of resource messages should be generated -->
    <property reference="normalizeMessages"/>
    <property reference="disableValidationForHiddenFormFields"/>
    <property reference="help"/>

    <metafacade class="org.andromda.cartridges.bpm4struts.metafacades.StrutsBackendServiceLogicImpl">
        <mapping class="org.omg.uml.foundation.core.UmlClass$Impl">
            <stereotype>SERVICE</stereotype>
        </mapping>
        <property reference="serviceAccessorPattern"/>
        <property reference="servicePackageNamePattern"/>
    </metafacade>

    <metafacade class="org.andromda.cartridges.bpm4struts.metafacades.CoppetecStrutsUseCaseLogicImpl">
        <mapping class="org.omg.uml.behavioralelements.usecases.UseCase$Impl">
            <stereotype>FRONT_END_APPLICATION</stereotype>
        </mapping>
    </metafacade>
    
    <metafacade class="org.andromda.cartridges.bpm4struts.metafacades.CoppetecStrutsPackageLogicImpl">
        <mapping class="org.omg.uml.modelmanagement.UmlPackage$Impl">
             <stereotype>MODULO_WEB</stereotype>
        </mapping>
    </metafacade>

    <metafacade class="org.andromda.cartridges.bpm4struts.metafacades.CoppetecStrutsUseCaseLogicImpl">
        <mapping class="org.omg.uml.behavioralelements.usecases.UseCase$Impl">
            <stereotype>FRONT_END_USE_CASE</stereotype>
        </mapping>
    </metafacade>
    
    <metafacade class="org.andromda.cartridges.bpm4struts.metafacades.StrutsControllerLogicImpl" contextRoot="true">
        <mapping class="org.omg.uml.foundation.core.UmlClass$Impl">
            <property name="useCase"/>
        </mapping>
    </metafacade>

    <metafacade class="org.andromda.cartridges.bpm4struts.metafacades.CoppetecStrutsControllerOperationLogicImpl">
        <mapping class="org.omg.uml.foundation.core.Operation$Impl">
            <property name="ownerIsController"/>
        </mapping>
    </metafacade>

    <metafacade class="org.andromda.cartridges.bpm4struts.metafacades.StrutsSessionObjectLogicImpl">
        <mapping class="org.omg.uml.foundation.core.UmlClass$Impl">
            <stereotype>FRONT_END_SESSION_OBJECT</stereotype>
        </mapping>
    </metafacade>

    <metafacade class="org.andromda.cartridges.bpm4struts.metafacades.CoppetecStrutsParameterLogicImpl">
        <mapping class="org.omg.uml.foundation.core.Parameter$Impl">
            <property name="containedInFrontEndUseCase"/>
        </mapping>
        <property reference="generateTableDecorators"/>
        <property reference="tableDecoratorSuffix"/>
        <property reference="defaultTableExportTypes"/>
        <property reference="defaultDateFormat"/>
        <property reference="defaultTimeFormat"/>
        <property reference="defaultInputColumnCount"/>
        <property reference="defaultInputRowCount"/>
		<property reference="strictDateTimeFormat"/>        
    </metafacade>

    <metafacade class="org.andromda.cartridges.bpm4struts.metafacades.StrutsAttributeLogicImpl">
        <mapping class="org.omg.uml.foundation.core.Attribute$Impl"/>
        <property reference="defaultDateFormat"/>
        <property reference="defaultTimeFormat"/>
        <property reference="defaultInputColumnCount"/>
        <property reference="defaultInputRowCount"/>
    </metafacade>

    <metafacade class="org.andromda.cartridges.bpm4struts.metafacades.StrutsActivityGraphLogicImpl">
        <mapping class="org.omg.uml.behavioralelements.activitygraphs.ActivityGraph$Impl">
            <property name="containedInFrontEndUseCase"/>
        </mapping>
    </metafacade>

    <metafacade class="org.andromda.cartridges.bpm4struts.metafacades.CoppetecStrutsJspLogicImpl">
        <mapping class="org.omg.uml.behavioralelements.activitygraphs.ActionState$Impl">
            <property name="frontEndView"/>
            <property name="containedInFrontEndUseCase"/>
        </mapping>
    </metafacade>

    <metafacade class="org.andromda.cartridges.bpm4struts.metafacades.StrutsActionStateLogicImpl">
        <mapping class="org.omg.uml.behavioralelements.activitygraphs.ActionState$Impl">
            <property name="containedInFrontEndUseCase"/>
        </mapping>
    </metafacade>

    <metafacade class="org.andromda.cartridges.bpm4struts.metafacades.StrutsFinalStateLogicImpl">
        <mapping class="org.omg.uml.behavioralelements.statemachines.FinalState$Impl">
            <property name="containedInFrontEndUseCase"/>
        </mapping>
    </metafacade>

    <metafacade class="org.andromda.cartridges.bpm4struts.metafacades.StrutsExceptionHandlerLogicImpl">
        <mapping class="org.omg.uml.behavioralelements.statemachines.Transition$Impl">
            <property name="frontEndException"/>
            <property name="containedInFrontEndUseCase"/>
        </mapping>
    </metafacade>

    <metafacade class="org.andromda.cartridges.bpm4struts.metafacades.CoppetecStrutsActionLogicImpl">
        <mapping class="org.omg.uml.behavioralelements.statemachines.Transition$Impl">
            <property name="exitingInitialState"/>
            <property name="containedInFrontEndUseCase"/>
        </mapping>
        <property reference="actionFormScope"/>
    </metafacade>

    <metafacade class="org.andromda.cartridges.bpm4struts.metafacades.CoppetecStrutsActionLogicImpl">
        <mapping class="org.omg.uml.behavioralelements.statemachines.Transition$Impl">
            <property name="exitingPage"/>
        </mapping>
        <property reference="actionFormScope"/>
    </metafacade>

    <metafacade class="org.andromda.cartridges.bpm4struts.metafacades.CoppetecStrutsForwardLogicImpl">
        <mapping class="org.omg.uml.behavioralelements.statemachines.Transition$Impl">
            <property name="containedInFrontEndUseCase"/>
        </mapping>
    </metafacade>

    <metafacade class="org.andromda.cartridges.bpm4struts.metafacades.StrutsPseudostateLogicImpl">
        <mapping class="org.omg.uml.behavioralelements.statemachines.Pseudostate$Impl">
            <property name="containedInFrontEndUseCase"/>
        </mapping>
    </metafacade>

    <metafacade class="org.andromda.cartridges.bpm4struts.metafacades.StrutsTriggerLogicImpl">
        <mapping class="org.omg.uml.behavioralelements.statemachines.SignalEvent$Impl">
            <property name="containedInFrontEndUseCase"/>
        </mapping>
    </metafacade>

    <metafacade class="org.andromda.cartridges.bpm4struts.metafacades.StrutsTriggerLogicImpl">
        <mapping class="org.omg.uml.behavioralelements.statemachines.CallEvent$Impl">
            <property name="containedInFrontEndUseCase"/>
        </mapping>
    </metafacade>

    <metafacade class="org.andromda.cartridges.bpm4struts.metafacades.StrutsManageableEntityLogicImpl"
                contextRoot="true">
        <mapping class="org.omg.uml.foundation.core.UmlClass$Impl">
            <stereotype>ENTITY</stereotype>
            <stereotype>MANAGEABLE</stereotype>
        </mapping>
        <property reference="defaultTableExportTypes"/>
    </metafacade>

    <metafacade class="org.andromda.cartridges.bpm4struts.metafacades.StrutsManageableEntityAttributeLogicImpl">
        <mapping class="org.omg.uml.foundation.core.Attribute$Impl">
            <context>org.andromda.cartridges.bpm4struts.metafacades.StrutsManageableEntity</context>
        </mapping>
        <property reference="defaultDateFormat"/>
        <property reference="defaultTimeFormat"/>
        <property reference="defaultInputColumnCount"/>
        <property reference="defaultInputRowCount"/>
    </metafacade>

    <metafacade class="org.andromda.cartridges.bpm4struts.metafacades.StrutsManageableEntityAssociationEndLogicImpl">
        <mapping class="org.omg.uml.foundation.core.AssociationEnd$Impl">
            <context>org.andromda.cartridges.bpm4struts.metafacades.StrutsManageableEntity</context>
        </mapping>
    </metafacade>

</metafacades>