<?xml version="1.0" encoding="iso-8859-1"?>
<document>
    <properties>
        <author email="mbohlen@mbohlen.de">Matthias Bohlen</author>
        <author email="chdbrandon@yahoo.com">Chad Brandon</author>
        <title>Writing a build script using AndroMDA</title>
    </properties>
    <body>
        <section name="The AndroMDA Ant Task">
            <p>
              One of the ways to use AndroMDA, is as a custom task for the famous 
              Apache Ant build tool. It's very easy to use, all you do, is just point
              to the <a href="../configuration.html">AndroMDA configuration</a> file!
            </p>
            <h3>Example of a target invoking AndroMDA</h3>
            <source language="xml">
                <![CDATA[
<target name="mda">
    <taskdef name="andromda" classname="org.andromda.ant.task.AndroMDAGenTask" classpathref="classpath"/>
    <andromda configurationUri="${basedir}/mda/conf/andromda.xml"/>
</target>
                ]]>
            </source>
        </section>
    </body>
</document>
