<?xml version="1.0" encoding="ISO-8859-1" ?>

<namespace name="java">
    <components>
        <component name="cartridge">
            <path>META-INF/andromda/cartridge.xml</path>
        </component>
    </components>
    <properties>
        <!-- namespace-propertyGroup merge-point -->
        <propertyGroup name="Outlets">
            <documentation>
                Defines the locations to which output is generated.
            </documentation>
            <property name="logger" required="false">
                <documentation>
                    Diretorio onde o Logger ser� criado
                </documentation>
            </property>
            <property name="services" required="false">
                <documentation>
                    The directory to which POJO service interfaces are generated.
                </documentation>
            </property>
            <property name="util" required="false">
                <documentation>
                   Diretorio onde classes utilitarias sao geradas
                </documentation>
            </property>            
            <property name="service-impls" required="false">
                <documentation>
                    The directory to which POJO service implementation classes are generated
                </documentation>
            </property>
            <property name="value-objects" required="false">
                <documentation>
                    The directory to which value objects are generated.
                </documentation>
            </property>
            <property name="exceptions" required="false">
                <documentation>
                    The directory to which exceptions are generated.
                </documentation>
            </property>
            <property name="enumerations" required="false">
                <documentation>
                    The directory to which enumerations are generated.
                </documentation>
            </property>
            <property name="interfaces" required="false">
                <documentation>
                    The directory to which interfaces are generated.
                </documentation>
            </property>
        </propertyGroup>
        <propertyGroup name="Other">
            <property name="loggerName">
                <default>Log</default>
                <documentation>
                    Indica o nome do Logger
                </documentation>
            </property>
            <property name="loggerPackage">
                <default>Log</default>
                <documentation>
                    Indica o pacote do logger
                </documentation>
            </property>
            <property name="serializable">
                <default>true</default>
                <documentation>
                    Indicates whether or not generated objects must support distributed environments.
                </documentation>
            </property>
            <property name="utilDir">
                <default>util</default>
                <documentation>
                    Diretorio onde os arquivos utilitarios sao gerados
                </documentation>
            </property>            
            <property name="enablePropertyConstructors">
                <default>true</default>
                <documentation>
                    Whether or not constructors taking all properties will
                    be generated or not (on the value object for example).
                </documentation>
            </property>
            <property name="modelPackageName">
                <default>cd</default>
                <documentation>
                    Nome do pacote de dominio.
                </documentation>
            </property>
            <property name="transferPackageName">
                <default>to</default>
                <documentation>
                    Nome do pacote de transferencia.
                </documentation>
            </property>            
            <property name="customTypesPackage">
                <default>org.andromda.persistence.hibernate</default>
                <documentation>
                </documentation>
            </property>  
            <property name="maxSizeClass">
                <default>200</default>
            </property>
            <property name="projectId">
            	<default>java</default>
            </property>
        </propertyGroup>
    </properties>
</namespace>