<cartridge>
    
    <templateEngine>
        <macrolibrary name="templates/jsf/views/jsp/includes/renderActionFormInput.vm"/>
        <macrolibrary name="templates/jsf/views/jsp/includes/renderActionCommandLinkParameter.vm"/>
        <macrolibrary name="templates/jsf/forms/formMacros.vm"/>
        <macrolibrary name="templates/jsf/forms/formImplMacros.vm"/>
        <!-- cartridge-macrolibrary merge-point-->
    </templateEngine>
    
    <!-- define the template objects that are made available to the template -->
    <templateObject name="stringUtils" className="org.andromda.core.common.StringUtilsHelper"/>
    <templateObject name="jsfUtils" className="org.andromda.cartridges.jsf.JSFUtils"/>
    <!-- cartridge-templateObject merge-point-->

    <property reference="xmlEncoding"/>
    <property reference="facesConfig"/>
    <property reference="jspIncludes"/>
    <property reference="messageResources"/>
    <property reference="welcomeFileName"/>
    <property reference="facesServletExtension"/>
    <property reference="managedBeansPackage"/>
    <property reference="layoutOptionsName"/>
    <property reference="layoutOptionsBeanName"/>
    <property reference="sidebarLayout"/>
    <property reference="menuLayout"/>
    <property reference="navigationTheme"/>
    <property reference="applicationName"/>
    <property reference="formPopulatorName"/>
    <property reference="exceptionHandlerPattern"/>
    <property reference="converterPattern"/>
    <property reference="actionFormKey"/>
    <property reference="patternMatchingExceptionHandler"/>
    <property reference="defaultDateFormat"/>
    <property reference="defaultTimeFormat"/>
    <property reference="dummyData"/>
    <property reference="jsfComponentsPackage"/>
    <property reference="clientValidation"/>
    <property reference="fileTypeName"/>
    <property reference="securityRealm"/>
    <property reference="loginFileName"/>
    <property reference="logoutFileName"/>
    <property reference="defaultMultiSelectSize"/>
    <property reference="layoutOptionsMenuItem"/>
    <property reference="distributable"/>
    <property reference="stateSavingMethod"/>
    <property reference="sessionTimeout"/>
    <property reference="maximumFormsInHistory"/>
    <property reference="formHistoryBeanName"/>
    <!-- cartridge-property merge-point -->

    <!-- cartridge-resource merge-point -->
    <resource
        path="resources/views/jsp/css/*.*"
        outputPattern="css/{0}"
        outlet="jsps"
        overwrite="true"/>
    
    <resource
        path="resources/views/jsp/js/*.*"
        outputPattern="js/{0}"
        outlet="jsps"
        overwrite="true"/>
    
    <resource
        path="resources/views/images/*.*"
        outputPattern="images/{0}"
        outlet="jsps"
        overwrite="true"/>
    
    <resource
        path="resources/WEB-INF/lib/*.jar"
        outputPattern="WEB-INF/lib/{0}"
        outlet="configuration"
        overwrite="true"/>

    <!-- process templates on model elements -->
    <template
        path="templates/jsf/configuration/web.xml.vsl"
        outputPattern="WEB-INF/web.xml"
        outlet="configuration"
        overwrite="true"
        outputToSingleFile="true">
        <modelElements>
            <modelElement variable="applicationUseCases">
                <type name="org.andromda.metafacades.uml.FrontEndUseCase">
                    <property name="entryUseCase"/>
                </type>
            </modelElement>
            <modelElement variable="useCases">
                <type name="org.andromda.metafacades.uml.FrontEndUseCase"/>
            </modelElement>
        </modelElements>         
    </template>
    
    <template
        path="templates/jsf/configuration/jboss-web.xml.vsl"
        outputPattern="WEB-INF/jboss-web.xml"
        outlet="configuration"
        overwrite="true"/>
    
    <template
        path="templates/jsf/configuration/faces-config.xml.vsl"
        outputPattern="WEB-INF/$facesConfig"
        outlet="configuration"
        overwrite="true"
        outputToSingleFile="true">
        <modelElements>
            <modelElement variable="controllers">
                <type name="org.andromda.metafacades.uml.FrontEndController">
                    <property name="useCase"/>
                    <property name="operations"/>
                </type>
            </modelElement>
            <modelElement variable="applicationUseCases">
                <type name="org.andromda.metafacades.uml.FrontEndUseCase">
                    <property name="entryUseCase"/>
                </type>
            </modelElement>
            <modelElement variable="enumerations">
                <type name="org.andromda.cartridges.jsf.metafacades.JSFEnumeration"/>
            </modelElement>
        </modelElements>    
    </template>
    
    <template
        path="templates/jsf/configuration/validator-rules.xml.vsl"
        outputPattern="WEB-INF/validator-rules.xml"
        outlet="configuration"
        overwrite="true"/>
    
    <template
        path="templates/jsf/configuration/validation.xml.vsl"
        outputPattern="WEB-INF/validation.xml"
        outlet="configuration"
        overwrite="true"
        outputToSingleFile="true">
        <modelElements variable="applicationUseCases">
            <modelElement>
                <type name="org.andromda.metafacades.uml.FrontEndUseCase">
                    <property name="entryUseCase"/>
                </type>
            </modelElement>
        </modelElements>
    </template>
    
    <template
        path="templates/jsf/forms/Form.java.vsl"
        outputPattern="$generatedFile"
        outlet="forms"
        overwrite="true">
        <modelElements variable="operation">
            <modelElement>
                <type name="org.andromda.metafacades.uml.FrontEndControllerOperation">
                    <property name="formFields"/>
                </type>
            </modelElement>
        </modelElements>
    </template>
    
    <template
        path="templates/jsf/forms/FormImpl.java.vsl"
        outputPattern="$generatedFile"
        outlet="forms"
        overwrite="true">
        <modelElements variable="action">
            <modelElement>
                <type name="org.andromda.metafacades.uml.FrontEndAction">
                    <property name="formFields"/>
                </type>
            </modelElement>
        </modelElements>
    </template>
    
    <template
        path="templates/jsf/controllers/ControllerImpl.java.vsl"
        outputPattern="$generatedFile"
        outlet="controller-impls"
        overwrite="false">
        <modelElements variable="controller">
            <modelElement>
                <type name="org.andromda.metafacades.uml.FrontEndController">
                    <property name="useCase"/>
                    <property name="operations"/>
                </type>
            </modelElement>
        </modelElements>
    </template>

    <template
        path="templates/jsf/controllers/Controller.java.vsl"
        outputPattern="$generatedFile"
        outlet="controllers"
        overwrite="true">
        <modelElements variable="controller">
            <modelElement>
                <type name="org.andromda.metafacades.uml.FrontEndController">
                    <property name="useCase"/>
                    <property name="operations"/>
                </type>
            </modelElement>
        </modelElements>
    </template>
    
    <template
        path="templates/jsf/controllers/SessionObject.java.vsl"
        outputPattern="${sessionObject.fullPath}.java"
        outlet="controllers"
        overwrite="true">
        <modelElements variable="sessionObject">
            <modelElement>
                <type name="org.andromda.cartridges.jsf.metafacades.JSFSessionObject"/>
            </modelElement>
        </modelElements>
    </template>
    
    <template
        path="templates/jsf/messages/messages.properties.vsl"
        outputPattern="WEB-INF/classes/${messageResources}.properties"
        outlet="messages"
        overwrite="true"
        outputToSingleFile="true">
        <modelElements variable="applicationUseCases">
            <modelElement variable="applicationUseCases">
                <type name="org.andromda.metafacades.uml.FrontEndUseCase">
                    <property name="entryUseCase"/>
                </type>
            </modelElement>            
        </modelElements>
    </template>
    
    <template
        path="templates/jsf/views/jsp/includes/includes.jspf.vsl"
        outputPattern="$jspIncludes"
        outlet="jsps"
        overwrite="true"
        generateEmptyFiles="true"/>
    
    <template
        path="templates/jsf/views/jsp/includes/head.jspf.vsl"
        outputPattern="includes/head.jspf"
        outlet="jsps"
        overwrite="true"/>
    
    <template
        path="templates/jsf/views/jsp/includes/footer.jspf.vsl"
        outputPattern="includes/footer.jspf"
        outlet="jsps"
        overwrite="true"/>
    
    <template
        path="templates/jsf/views/jsp/includes/header.jsp.vsl"
        outputPattern="includes/header.jsp"
        outlet="jsps"
        overwrite="true"
        outputToSingleFile="true"/>
    
    <template
        path="templates/jsf/views/jsp/includes/registration-header.jsp.vsl"
        outputPattern="includes/registration-header.jsp"
        outlet="jsps"
        overwrite="true"
        outputToSingleFile="true"
        outputOnEmptyElements="false">
        <modelElements>
            <modelElement variable="useCases">
                <type name="org.andromda.metafacades.uml.FrontEndUseCase">
                    <property name="registrationUseCase"/>
                </type>
            </modelElement>
        </modelElements>    
    </template>
    
    <template
        path="templates/jsf/views/jsp/includes/navigation.jsp.vsl"
        outputPattern="includes/navigation.jsp"
        outlet="jsps"
        overwrite="true"/>
    
    <template
        path="templates/jsf/views/jsp/layout-options.jsp.vsl"
        outputPattern="layout/layout-options.jsp"
        outlet="jsps"
        overwrite="true"/>
    
    <template
        path="templates/jsf/views/jsp/includes/menu.jspf.vsl"
        outputPattern="includes/menu.jspf"
        outlet="jsps"
        overwrite="true"
        outputToSingleFile="true">
        <modelElements>
            <modelElement variable="useCases">
                <type name="org.andromda.metafacades.uml.FrontEndUseCase">
                    <property name="registrationUseCase">false</property>
                </type>
            </modelElement>
        </modelElements>        
    </template>
    
    <template
        path="templates/jsf/flow/ActionForward.java.vsl"
        outputPattern="$action.fullyQualifiedActionClassPath"
        outlet="controllers"
        overwrite="true">
        <modelElements>
            <modelElement variable="action">
                <type name="org.andromda.metafacades.uml.FrontEndUseCase"/>
            </modelElement>
            <modelElement>
                <type name="org.andromda.metafacades.uml.FrontEndUseCase">
                    <property name="actionForwards" variable="action"/>
                </type>
            </modelElement>
        </modelElements>
    </template>
    
    <template
        path="templates/jsf/flow/UseCaseForwards.java.vsl"
        outputPattern="${useCase.packagePath}/${useCase.forwardsClassName}.java"
        outlet="controllers"
        overwrite="true">
        <modelElements variable="useCase">
            <modelElement>
                <type name="org.andromda.metafacades.uml.FrontEndUseCase">
                    <property name="forwards"/>
                </type>
            </modelElement>
        </modelElements>
    </template>
    
    <template
        path="templates/jsf/flow/ViewPopulator.java.vsl"
        outputPattern="${view.populatorPath}.java"
        outlet="controllers"
        overwrite="true">
        <modelElements variable="view">
            <modelElement>
                <type name="org.andromda.metafacades.uml.FrontEndView">
                    <property name="populatorRequired"/>
                </type>
            </modelElement>
        </modelElements>
    </template>
    
    <template
        path="templates/jsf/views/jsp/view.jsp.vsl"
        outputPattern="${view.path}.jsp"
        outlet="jsps"
        overwrite="true">
        <modelElements variable="view">
            <modelElement>
                <type name="org.andromda.metafacades.uml.FrontEndView">
                    <property name="popup">false</property>
                </type>
            </modelElement>
        </modelElements>
    </template>
    
    <template
        path="templates/jsf/views/jsp/view-popup.jsp.vsl"
        outputPattern="${view.path}.jsp"
        outlet="jsps"
        overwrite="true">
        <modelElements variable="view">
            <modelElement>
                <type name="org.andromda.metafacades.uml.FrontEndView">
                    <property name="popup"/>
                </type>
            </modelElement>
        </modelElements>
    </template>
    
   <!-- <template
        path="templates/jsf/views/jsp/includes/view-action.jspf.vsl"
        outputPattern="${action.viewFragmentPath}.jspf"
        outlet="jsps"
        overwrite="true">
        <modelElements variable="action">
            <modelElement>
                <type name="org.andromda.metafacades.uml.FrontEndAction">
                    <property name="tableLink">false</property>
                    <property name="input"/>
                </type>
            </modelElement>
        </modelElements>
    </template> -->
    
    <template
        path="templates/jsf/views/jsp/includes/view-actions.jspf.vsl"
        outputPattern="${view.path}-actions.jspf"
        outlet="jsps"
        overwrite="true">
        <modelElements variable="view">
            <modelElement>
                <type name="org.andromda.metafacades.uml.FrontEndView">
                    <property name="popup">false</property>
                </type>
            </modelElement>
        </modelElements>
    </template>    
    
    <template
        path="templates/jsf/views/jsp/action-forward.jsp.vsl"
        outputPattern="${action.path}.jsp"
        outlet="jsps"
        overwrite="true">
        <modelElements>
            <modelElement variable="action">
                <type name="org.andromda.metafacades.uml.FrontEndUseCase"/>
            </modelElement>
            <modelElement>
                <type name="org.andromda.metafacades.uml.FrontEndUseCase">
                    <property name="actionForwards" variable="action"/>
                </type>
            </modelElement>
        </modelElements>
    </template>
    
    <template
        path="templates/jsf/views/jsp/includes/view-table.jspf.vsl"
        outputPattern="${table.view.path}-${table.name}.jspf"
        outlet="jsps"
        overwrite="true">
        <modelElements variable="table">
            <modelElement>
                <type name="org.andromda.metafacades.uml.FrontEndParameter">
                    <property name="table"/>
                    <property name="view"/>
                </type>
            </modelElement>
        </modelElements>
    </template>
    
    <template
        path="templates/jsf/views/jsp/includes/view-hidden-parameters.jspf.vsl"
        outputPattern="${action.viewFragmentPath}-hidden-params.jspf"
        outlet="jsps"
        overwrite="true">
        <modelElements variable="action">
            <modelElement>
                <type name="org.andromda.metafacades.uml.FrontEndAction">
                    <property name="tableLink">false</property>
                    <property name="hiddenParameters"/>
                </type>
            </modelElement>
        </modelElements>
    </template>
    
    <template
        path="templates/jsf/views/jsp/includes/view-variables.jspf.vsl"
        outputPattern="${view.path}-vars.jspf"
        outlet="jsps"
        overwrite="true">
        <modelElements variable="view">
            <modelElement>
                <type name="org.andromda.metafacades.uml.FrontEndView">
                    <property name="nonTableVariablesPresent"/>
                </type>
            </modelElement>
        </modelElements>
    </template>    
    
    <template
        path="templates/jsf/converters/EnumerationConverter.java.vsl"
        outputPattern="${enumeration.converterPath}.java"
        outlet="controllers"
        overwrite="false">
        <modelElements variable="enumeration">
            <modelElement>
                <type name="org.andromda.cartridges.jsf.metafacades.JSFEnumeration"/>
            </modelElement>
        </modelElements>
    </template>
    
    
    <template
        path="templates/jsf/views/jsp/index.jsp.vsl"
        outputPattern="$welcomeFileName"
        outlet="jsps"
        overwrite="true"
        outputToSingleFile="true"
        outputOnEmptyElements="false">
        <modelElements>
            <modelElement variable="applicationUseCases">
                <type name="org.andromda.metafacades.uml.FrontEndUseCase">
                    <property name="entryUseCase"/>
                </type>
            </modelElement>
        </modelElements>
    </template>
    
    <template
        path="templates/jsf/flow/LogOutServlet.java.vsl"
        outputPattern="$stringUtils.replace($managedBeansPackage, '.', '/')/LogOutServlet.java"
        outlet="controllers"
        overwrite="true"
        outputToSingleFile="true"
        outputOnEmptyElements="false">
        <modelElements>
            <modelElement variable="applicationUseCases">
                <type name="org.andromda.metafacades.uml.FrontEndUseCase">
                    <property name="entryUseCase"/>
                </type>
            </modelElement>
        </modelElements>
    </template>
   
    <template
        path="templates/jsf/views/jsp/login.jsp.vsl"
        outputPattern="$loginFileName"
        outlet="jsps"
        overwrite="true"
        outputToSingleFile="true">
        <modelElements>
            <modelElement variable="registrationUseCases">
                <type name="org.andromda.metafacades.uml.FrontEndUseCase">
                    <property name="registrationUseCase"/>
                </type>
            </modelElement>
        </modelElements>      
    </template>
    
    <template
        path="templates/jsf/views/jsp/logout.jsp.vsl"
        outputPattern="$logoutFileName"
        outlet="jsps"
        overwrite="true"
        outputToSingleFile="true"/>
    
    <template
        path="templates/jsf/views/rendering/LayoutOptions.java.vsl"
        outputPattern="$generatedFile"
        outlet="managed-beans"
        overwrite="true"/>
    
    <template
        path="templates/jsf/utils/Messages.java.vsl"
        outputPattern="$stringUtils.replace($managedBeansPackage, '.', '/')/${className}.java"
        outlet="managed-beans"
        overwrite="true"/>
    
    <template
        path="templates/jsf/utils/FormPopulator.java.vsl"
        outputPattern="$stringUtils.replace($managedBeansPackage, '.', '/')/${formPopulatorName}.java"
        outlet="managed-beans"
        overwrite="true"/>
    
    <template
        path="templates/jsf/utils/CollectionSorter.java.vsl"
        outputPattern="$stringUtils.replace($managedBeansPackage, '.', '/')/${className}.java"
        outlet="managed-beans"
        overwrite="true"/>
    
    <template
        path="templates/jsf/exception/PatternMatchingExceptionHandler.java.vsl"
        outputPattern="$stringUtils.replace($managedBeansPackage, '.', '/')/${patternMatchingExceptionHandler}.java"
        outlet="managed-beans"
        overwrite="true"/>
    
    <template
        path="templates/jsf/utils/FormHistory.java.vsl"
        outputPattern="$stringUtils.replace($managedBeansPackage, '.', '/')/${className}.java"
        outlet="managed-beans"
        overwrite="true"
        outputToSingleFile="true">
        <modelElements>
            <modelElement variable="useCases">
                <type name="org.andromda.metafacades.uml.FrontEndUseCase"/>
            </modelElement>
        </modelElements>      
    </template>

    <!-- cartridge-template merge-point -->

</cartridge>