<?xml version="1.0" encoding="ISO-8859-1" ?>

<metafacades>
    <property reference="normalizeMessages"/>
    <metafacade class="org.andromda.cartridges.jsf.metafacades.JSFControllerOperationLogicImpl">
        <mapping>
            <property name="ownerIsController"/>
        </mapping>
        <property reference="formPattern"/>
    </metafacade>
    <metafacade class="org.andromda.cartridges.jsf.metafacades.JSFViewLogicImpl">
        <mapping>
            <property name="frontEndView"/>
            <property name="containedInFrontEndUseCase"/>
        </mapping>
        <property reference="viewPopulatorPattern"/>
        <property reference="actionFormKey"/>
    </metafacade>
    <metafacade class="org.andromda.cartridges.jsf.metafacades.JSFSessionObjectLogicImpl">
        <mapping>
            <stereotype>FRONT_END_SESSION_OBJECT</stereotype>
        </mapping>
    </metafacade>
    <metafacade class="org.andromda.cartridges.jsf.metafacades.JSFActionLogicImpl">
        <mapping>
            <property name="exitingInitialState"/>
            <property name="containedInFrontEndUseCase"/>
        </mapping>
        <property reference="formImplementationPattern"/>
        <property reference="formBeanPattern"/>
        <property reference="formScope"/> 
        <property reference="actionFormKey"/>
    </metafacade>
    <metafacade class="org.andromda.cartridges.jsf.metafacades.JSFActionLogicImpl">
        <mapping>
            <property name="exitingView"/>
        </mapping>
        <property reference="formImplementationPattern"/>
        <property reference="formBeanPattern"/>
        <property reference="formScope"/> 
        <property reference="actionFormKey"/>
    </metafacade>
    <metafacade class="org.andromda.cartridges.jsf.metafacades.JSFForwardLogicImpl">
        <mapping>
            <property name="containedInFrontEndUseCase"/>
        </mapping>
    </metafacade>
    <metafacade class="org.andromda.cartridges.jsf.metafacades.JSFControllerLogicImpl">
        <mapping>
            <property name="useCase"/>
        </mapping>
        <property reference="controllerImplementationPattern"/>
    </metafacade>
    <metafacade class="org.andromda.cartridges.jsf.metafacades.JSFUseCaseLogicImpl">
        <mapping>
            <stereotype>FRONT_END_APPLICATION</stereotype>
        </mapping>
        <property reference="actionFormKey"/>
    </metafacade>
    <metafacade class="org.andromda.cartridges.jsf.metafacades.JSFUseCaseLogicImpl">
        <mapping>
            <stereotype>FRONT_END_USE_CASE</stereotype>
        </mapping>
    </metafacade>
    <metafacade class="org.andromda.cartridges.jsf.metafacades.JSFFinalStateLogicImpl">
        <mapping>
            <property name="containedInFrontEndUseCase"/>
        </mapping>
    </metafacade>
    <metafacade class="org.andromda.cartridges.jsf.metafacades.JSFEventLogicImpl">
        <mapping class="org.omg.uml.behavioralelements.statemachines.SignalEvent$Impl">
            <property name="containedInFrontEndUseCase"/>
        </mapping>
    </metafacade>
    <metafacade class="org.andromda.cartridges.jsf.metafacades.JSFEventLogicImpl">
        <mapping class="org.omg.uml.behavioralelements.statemachines.CallEvent$Impl">
            <property name="containedInFrontEndUseCase"/>
        </mapping>
    </metafacade>
    <metafacade class="org.andromda.cartridges.jsf.metafacades.JSFParameterLogicImpl">
        <mapping>
            <property name="containedInFrontEndUseCase"/>
        </mapping>
        <property reference="defaultDateFormat"/>
        <property reference="defaultTimeFormat"/>
        <property reference="backingListPattern"/>
        <property reference="backingValuePattern"/>
        <property reference="labelListPattern"/>
        <property reference="valueListPattern"/>
    </metafacade>
    <metafacade class="org.andromda.cartridges.jsf.metafacades.JSFBackendServiceLogicImpl">
        <mapping>
            <stereotype>SERVICE</stereotype>
        </mapping>
        <property reference="serviceAccessorPattern"/>
        <property reference="servicePackageNamePattern"/>
    </metafacade>
    <metafacade class="org.andromda.cartridges.jsf.metafacades.JSFActivityGraphLogicImpl">
        <mapping>
            <property name="containedInFrontEndUseCase"/>
        </mapping>
    </metafacade>
    <metafacade class="org.andromda.cartridges.jsf.metafacades.JSFAttributeLogicImpl">
        <mapping/>
        <property reference="defaultDateFormat"/>
        <property reference="defaultTimeFormat"/>
        <property reference="backingListPattern"/>
        <property reference="backingValuePattern"/>
        <property reference="labelListPattern"/>
        <property reference="valueListPattern"/>
    </metafacade>
    <metafacade class="org.andromda.cartridges.jsf.metafacades.JSFEnumerationLogicImpl">
        <mapping>
            <stereotype>ENUMERATION</stereotype>
        </mapping>
        <property reference="converterPattern"/>
    </metafacade>
</metafacades>