<?xml version="1.0" encoding="ISO-8859-1" ?>

<namespace name="jsf">
    <components>
        <component name="cartridge">
            <path>META-INF/andromda/cartridge.xml</path>
        </component>
        <component name="metafacades">
            <path>META-INF/andromda/metafacades.xml</path>
        </component>
        <component name="profile">
            <path>META-INF/andromda/profile.xml</path>
        </component>
    </components>
    <properties>
        <!-- namespace-propertyGroup merge-point -->
        <propertyGroup name="Outlets">
            <documentation>
                Defines the locations to which output is generated.
            </documentation>
            <property name="configuration">
                <documentation>
                    The location to which Struts configuration files are generated. These are the files
                    that typically appear in WEB-INF, such as validation-rules.xml and tiles-defs.xml.
                </documentation>
            </property>
            <property name="controllers">
                <documentation>
                    The location to which any controllers are generated (this outlet
                    contains classes which are fully generated and should not be
                    touched).
                </documentation>
            </property>
            <property name="controller-impls">
                <documentation>
                    The location to which controller implementations are generated (these
                    are where your hooks go to your services).
                </documentation>
            </property>
            <property name="managed-beans">
                <documentation>
                    The location to which any additional managed beans are generated (including
                    layout options, etc).
                </documentation>
            </property>
            <property name="messages">
                <documentation>
                    The location to which message resource bundles are generated.
                </documentation>
            </property>
            <property name="jsps" required="false">
                <documentation>
                    Application JSPs: login pages, stylesheets, etc (basically 
                    anything in support of JSP view rendering).
                </documentation>
            </property>
            <property name="forms">
                <documentation>
                    The forms to which input is stored are output here.
                </documentation>
            </property>
        </propertyGroup>
        <propertyGroup name="Configuration">
            <documentation>
               The properties that provide configuration of the JSF configuration files.
            </documentation>
            <property name="facesConfig">
                <default>faces-config.xml</default>
                <documentation>
                    The name of the JSF configuration file (this file stores the JSF managed bean
                    form information and navigation rules).
                </documentation>
            </property>
            <property name="formScope">
                <default>request</default>
                <documentation>
                    The scope to given the forms.  This value can be overriddem by a tagged value.
                </documentation>
            </property>
            <property name="facesServletExtension">
                <default>jsf</default>
                <documentation>
                    The extension used for the application's handling of JSF pages.
                </documentation>
            </property>
        </propertyGroup>
        <propertyGroup name="UI Layout">
            <documentation>
                Properties related to the configuration of the user interface layout.
            </documentation>
            <property name="layoutOptionsMenuItem">
                <default>true</default>
                <documentation>
                    Whether or not a layout options menu item should be included in the menu (this
                    menu item allows you to control menu positioning, etc).
                </documentation>
            </property>
            <property name="layoutOptionsName">
                <default>LayoutOptions</default>
                <documentation>
                    Defines the name of the layout options class (which allows dynamic control
                    of the UI's view layout).
                </documentation>
            </property>
            <property name="layoutOptionsBeanName">
                <default>layoutOptions</default>
                <documentation>
                    Defines the bean name under which the layout options class will be stored.
                </documentation>
            </property>
            <property name="sidebarLayout">
                <default>classic</default>
                <documentation>
                    The default layout to use for the navigation layout (this is only applicable
                    when the <a href="#menuLayout">menuLayout</a> is <em>side</em>.
                </documentation>
            </property>
            <property name="menuLayout">
                <default>vbr</default>
                <documentation>
                    The menu layout.  Valid values are:
                    <ul>
                        <li>hbr</li>
                        <li>hur</li>
                        <li>hul</li>
                        <li>vbr</li>
                        <li>vur</li>
                        <li>vur</li>
                    </ul>
                </documentation>
            </property>
            <property name="navigationTheme">
                <default>ThemeOffice</default>
                <documentation>
                    The navigation theme to use (the possible choices are:
                    ThemeOffice, ThemeMiniBlack, ThemeIE, ThemePanel).
                </documentation>
            </property>
        </propertyGroup>
        <propertyGroup name="Messages and i18n">
            <documentation>
                Properties related to the configuration of messages and internationalization in general.
            </documentation>
            <property name="applicationName" required="true">
                <documentation>
                    The name of the application (this is used as the display
                    name of the application).
                </documentation>
            </property>
            <property name="normalizeMessages">
                <default>true</default>
                <documentation>
                    Denotes the way application resource messages ought to be generated.
                    When messages are normalized it means that elements with the same name
                    will reuse the same label, even if they are located in entirely different
                    use-cases or pages.
                    This results in resource bundles that are not only smaller in size but
                    also more straightforward to translate. The downside is that it will be
                    less evident to customize labels for certain fields (which is rarely the
                    case anyway).
                </documentation>
            </property>
        </propertyGroup>
        <propertyGroup name="JSP pages">
            <property name="welcomeFileName">
                <default>index.jsp</default>
                <documentation>
                    The path of the JSP that is the welcome file.
                </documentation>
            </property>   
            <property name="loginFileName">
                <default>login.jsp</default>
                <documentation>
                    The path to the JSP that provides the login page.
                </documentation>
            </property> 
            <property name="logoutFileName">
                <default>logout.jsp</default>
                <documentation>
                    The path to the JSP that provides application logout.
                </documentation>
            </property> 
            <property name="defaultMultiSelectSize">
                <default>3</default>
                <documentation>
                    The default size to use for multi select boxes.
                </documentation>
            </property>
        </propertyGroup>
        <propertyGroup name="Views">
            <documentation>
                Properties that configure view information.
            </documentation>
            <property name="defaultDateFormat">
                <default>MM/dd/yyyy</default>
                <documentation>
                    The default date format to use in case it has not been explicitely
                    specified, for event parameters.
                    Take a look
                    <a href="http://java.sun.com/j2se/1.5.0/docs/api/java/text/SimpleDateFormat.html">here</a>
                    to see how to properly construct date formats.
                </documentation>
            </property>
            <property name="defaultTimeFormat">
                <default>HH:mm</default>
                <documentation>
                    The default time format to use when it has not been explicitely
                    specified for event parameters. Take a look
                    <a href="http://java.sun.com/j2se/1.5.0/docs/api/java/text/SimpleDateFormat.html">here</a>
                    to see how to properly construct time formats.
                </documentation>
            </property>
        </propertyGroup>
        <propertyGroup name="Validation and Security">
            <documentation>
                These properties configure the validation of user input as well as the security.
            </documentation>
            <property name="securityRealm" required="false">
                <documentation>
                    The security realm to use when security is enabled.
                </documentation>
            </property>
            <property name="clientValidation">
                <default>true</default>
                <documentation>
                    Indicates whether or not validation should occur on the client side.
                </documentation>
            </property>
        </propertyGroup>
        <propertyGroup name="Other">
            <documentation>
                Other various properties that couldn't be classified into another category.
            </documentation>
            <property name="maximumFormsInHistory">
                <default>5</default>
                <documentation>
                    The maximum number of forms kept in history, this usually means how many times
                    you can hit the back button and get a guaranteed result.
                </documentation>
            </property>
            <property name="formHistoryBeanName">
                <default>formHistory</default>
                <documentation>
                    The name of the managed bean that stores the form history.
                </documentation>                
            </property>
            <property name="sessionTimeout">
                <default>45</default>
                <documentation>
                    The number of minutes the session may be idle before timeout occurs.
                </documentation>
            </property>
            <property name="distributable">
                <default>false</default>
                <documentation>
                    Whether or not the web application should be considered <em>distributable</em>;
                    this means that the session will be persisted and restored.
                </documentation>
            </property>
            <property name="stateSavingMethod">
                <default>client</default>
                <documentation>
                    The JSF state saving method to use within the application (can be 
                    either <em>client</em> or <em>server</em>).
                </documentation>
            </property>
            <property name="fileTypeName">
                <default>org.apache.myfaces.custom.fileupload.UploadedFile</default>
                <documentation>
                    The fully qualified type name to use when file types are modeled for parameters (used for
                    for file uploads).
                </documentation>
            </property>
            <property name="dummyData">
                <default>true</default>
                <documentation>
                    Indicates whether or not dummy data should be rendered (in places like controllers).
                </documentation>
            </property>
            <property name="formPopulatorName">
                <default>FormPopulator</default>
                <documentation>
                    The name to give the form populator utility class. This utility class provides
                    JSF's form population when transfering information from one form to another
                    during application flow.
                </documentation>
            </property>
            <property name="backingListPattern">
                <default>{0}BackingList</default>
                <documentation>
                    The pattern used for constructing a parameter's backing list name.  A backing list 
                    is used when you want to select the value of the parameter from a list (typically 
                    used for drop-down select input types).
                </documentation>
            </property>
            <property name="backingValuePattern">
                <default>{0}BackingValue</default>
                <documentation>
                    The pattern used for constructing a parameter's backing value name.  A backing value 
                    is used with an input table type (when you want to submit values from a table of
                    complex objects).
                </documentation>
            </property>
            <property name="labelListPattern">
                <default>{0}LabelList</default>
                <documentation>
                    The pattern used for constructing the label list name (stores the list
                    of possible parameter value labels). 
                </documentation>
            </property>
            <property name="valueListPattern">
                <default>{0}ValueList</default>
                <documentation>
                    The pattern used for constructing the values list name (stores the list of
                    possible parameter values when selecting from a list).
                </documentation>
            </property>
            <property name="converterPattern">
                <default>{0}JsfConverter</default>
                <documentation>
                    The pattern used for constructing converters (like the enumeration converter), where
                    <em>{0}</em> is the name of the model element.
                </documentation>
            </property>
            <property name="viewPopulatorPattern">
                <default>{0}Populator</default>
                <documentation>
                    The pattern used to construct the view form populator filter, where <em>{0}</em>
                    is the name of the view.  
                </documentation>
            </property>
            <property name="managedBeansPackage">
                <default>org.andromda.presentation.jsf</default>
                <documentation>
                    Defines the the package in which any extra managed-beans will 
                    be generated (such as the layout options class, etc).
                </documentation>
            </property>
            <property name="jsfComponentsPackage">
                <default>org.andromda.presentation.jsf.components</default>
                <documentation>
                    Defines the the package to which any JSF components generated by
                    the cartridge reside.
                </documentation>
            </property>
            <property name="xmlEncoding">
                <default>UTF-8</default>
                <documentation>
                    Encoding for generated XML files.
                </documentation>
            </property>
            <property name="formPattern">
                <default>{0}Form</default>
                <documentation>
                    The pattern to use for constructing the form name, where
                    <em>{0}</em> is the name of the controller operation capitalized.
                </documentation>
            </property>
            <property name="formImplementationPattern">
                <default>{0}FormImpl</default>
                <documentation>
                    The pattern to use for constructing the form implementation name, where
                    <em>{0}</em> is the name of the controller operation capitalized.                    
                </documentation>
            </property>
            <property name="formBeanPattern">
                <default>{0}{1}Form</default>
                <documentation>
                    The pattern for constructing the name of the bean under which the form is stored,
                    where <em>{0}</em> is the name of the use case and <em>{1}</em> is the name of the trigger.
                </documentation>
            </property>
            <property name="controllerImplementationPattern">
                <default>{0}Impl</default>
                <documentation>
                    The pattern for constructing the name of the controller implementation class name (where <em>{0}</em>
                    represents the modeled name of the controller).
                </documentation>
            </property>
            <property name="actionFormKey">
                <default>form</default>
                <documentation>
                    The name of the key under which each action for is stored.  This
                    form is passed along from action to action in order to transfer
                    all parameters.
                </documentation>
            </property>
            <property name="messageResources">
                <default>message-resources</default>
                <documentation>
                    The path of the localized message resources (the <em>.properties</em>
                    suffix is appended to this value when creating the actual file.).
                </documentation>
            </property>
            <property name="jspIncludes">
                <default>includes.jspf</default>
                <documentation>
                    Defines the name of the default jsp includes file (this contains any 
                    message resources as well as tag libs.
                </documentation>
            </property>
            <property name="servicePackageNamePattern">
                <default>{0}</default>
                <documentation>
                    The name of the package in which to create the service files, <code>{0}</code>
                    can be used to denote the package in which the service has been modeled.
                </documentation>
            </property>
            <property name="serviceAccessorPattern" required="false">
                <documentation>
                    The pattern to use when calling the backend code for <![CDATA[<<Service>>]]> lookups.
                    For calling services you would use following patterns:
                    <ul>
                        <li><strong>Spring</strong>: <code>${application.package}.ServiceLocator.instance().get{1}()</code></li>
                        <li><strong>EJB</strong>: <code>${myPackage}.{1}Util.getHome().create()</code></li>
                    </ul>
                </documentation>
            </property>
            <property name="exceptionHandlerPattern">
                <default>(.*)(\\{\\s*([\\w|\\.+]*)\\s*\\})(.*)</default>
                <documentation>
                    Used to define the pattern used for retrieving message resource keys
                    from exceptions.  This is useful when exceptions are thrown from the business
                    tier and you want to map these to messages in your presentation.
                    Normally you won't need to change this pattern, however you may want to
                    if you want to enable it to handle exceptions you may have no control over
                    (i.e. SQLExceptions).  Currently the default pattern supports an exception with
                    an embedded <em>{some.resource.key}</em> type key.
                </documentation>
            </property>
            <property name="patternMatchingExceptionHandler">
                <default>PatternMatchingExceptionHandler</default>
                <documentation>
                    The name to give the pattern matching exception handler.
                </documentation>
            </property>
        </propertyGroup>
    </properties>
</namespace>