<?xml version="1.0" encoding="ISO-8859-1" ?>

<profile>
    <documentation>
        <p>
            Most of the model elements will require a stereotype to be processed correctly, below you will find
            a table indicating on which model element you may put what stereotype, it will also
            denote which effect this has on the generation process.
        </p>
        <p>
            Sometimes it happens you want to add information to the model but there is no clean way of doing it.
            In those cases you may want to resort to tagged values, but these cases should be considered with
            caution. A tagged value is something extra, something optional, and the application should
            run fine without them.
        </p>
        <p>
            The JSF cartridge allows you to add tagged values here and there but provides a default value
            in case they are missing.
        </p>
    </documentation>
    <elements>
        <elementGroup name="Stereotypes">
        <!--
            <element name="FRONT_END_EXCEPTION">
                <documentation>
                    Modeled on a transition it designates an exception occuring while processing an action,
                    must exit an action state and enter a JSP page.
                </documentation>
                <value>FrontEndException</value>
                <appliedOnElement>Transition</appliedOnElement>
            </element>
        -->
            <element name="FRONT_END_REGISTRATION">
                <documentation>
                    Modeled on a use case, this stereotype indicates that this use case
                    is a front-end registration wizard.  This will cause a link on the login
                    taking the user to this use case.
                </documentation>
                <value>FrontEndRegistration</value>
                <appliedOnElement>UseCase</appliedOnElement>
            </element>
            <element name="FRONT_END_SESSION_OBJECT">
                <documentation>
                    These classes can be associated to controllers. They represent objects that persist
                    during the session of the user. For each such session object associated with a controller
                    the controller will have accessor methods for this object. <i>Use a dependency from the controller
                    to the session object to properly model this relationship, a controller can depend on many
                    such session objects; and in the same way a session object might be shared between controllers.</i>
                </documentation>
                <value>FrontEndSessionObject</value>
                <appliedOnElement>Class</appliedOnElement>
            </element>
        </elementGroup>
        <elementGroup name="Tagged Values">
            <documentation>
                Jsf allows you to add tagged values here and there but provides a
                default value in the event that they are missing.
            </documentation>
            <element name="ACTION_TYPE">
                <documentation>
                    Modeled on a transition coming out of an action state carrying the <![CDATA[<<FrontEndView>>]]> stereotype.
                    Indicates the type of trigger causing the action, possible values are hyperlink, image and form. Form
                    is the default value.
                </documentation>
                <value>@andromda.presentation.web.action.type</value>
                <appliedOnElement>Transition coming out of an action state carrying the <![CDATA[<<FrontEndView>>]]> stereotype</appliedOnElement>
                <allowedValues>
                    <value default="true">form</value>
                    <value>hyperlink</value>
                    <value>image</value>
                    <value>popup</value>
                </allowedValues>
            </element>
            <element name="ACTION_TABLELINK">
                <documentation>
                    Denotes this action applies on the information shown in a tabular format, you will need to specify
                    the name of the table as the value, optionally suffix with a dot and the name of the column.
                    If the column is specified the action will be rendered in that specific column, otherwise a new
                    column will be created for it.
                </documentation>
                <value>@andromda.presentation.web.action.tablelink</value>
                <appliedOnElement>Transition coming out of an action state carrying the <![CDATA[<<FrontEndView>>]]> stereotype</appliedOnElement>
            </element>
            <element name="ACTION_FORM_SCOPE">
                <documentation>
                    This allows one to override the action form scope defined
                    by the <a href="namespace.html#formScope">formScope</a> namespace property.
                </documentation>
                <value>@andromda.presentation.web.action.form.scope</value>
                <appliedOnElement>Transition coming out of an action state carrying the <![CDATA[<<FrontEndView>>]]> stereotype</appliedOnElement>
                <allowedValues>
                    <value>session</value>
                    <value>request</value>
                </allowedValues>
            </element>
            <element name="ACTION_FORM_RESET">
                <documentation>
                    This allows one to reset all parameter values on the form after
                    the action is invoked (this is useful when you have an action transition
                    coming back to the same page and want the form variables reset to their original
                    values before the action was submitted).
                </documentation>
                <value>@andromda.presentation.web.action.form.reset</value>
                <appliedOnElement>Transition coming out of an action state carrying the <![CDATA[<<FrontEndView>>]]> stereotype</appliedOnElement>
                <allowedValues>
                    <value>true</value>
                    <value default="true">false</value>
                </allowedValues>
            </element>
            <element name="ACTION_FORM_KEY">
                <documentation>
                    Denotes the name of the key under which this action's form is stored under.
                    Will only be used when the form is not empty, and is ignored otherwise. This feature is useful
                    when you are doing something that requires more than one action to be executed at the same
                    time and you don't want form key names colliding.
                </documentation>
                <value>@andromda.presentation.web.action.form.key</value>
                <appliedOnElement>Transition coming out of an action state carrying the <![CDATA[<<FrontEndView>>]]> stereotype</appliedOnElement>
                <allowedValues>
                    <value default="true">form</value>
                    <value>any string is allowed</value>
                </allowedValues>
            </element>
            <element name="ACTION_RESETTABLE">
                <documentation>
                    Set this value to <code>true</code> if you want to be able
                    to reset forms to their initial values (i.e. have a reset button rendered).
                </documentation>
                <value>@andromda.presentation.web.action.resettable</value>
                <appliedOnElement>Transition coming out of an action state carrying the <![CDATA[<<FrontEndView>>]]> stereotype</appliedOnElement>
                <allowedValues>
                    <value default="true">false</value>
                    <value>true</value>
                </allowedValues>
            </element>
            <element name="VIEW_TYPE">
                <documentation>
                    Represents the type of view (regular, popup, etc).
                </documentation>
                <value>@andromda.presentation.web.view.type</value>
                <appliedOnElement>A <![CDATA[<<FrontEndView>>]]></appliedOnElement>
            </element>
            <element name="INPUT_TYPE">
                <documentation>
                    Indicates the type of parameter, this information will be used when rendering the views,
                    possible values are: link, multibox, text, textarea, checkbox, radio, select, password,
                    hidden and plaintext.
                </documentation>
                <value>@andromda.presentation.web.view.field.type</value>
                <appliedOnElement>Parameter coming out of an action state carrying the <![CDATA[<<FrontEndView>>]]> stereotype</appliedOnElement>
                <allowedValues>
                    <value default="true">text</value>
                    <value>select</value>
                    <value>password</value>
                    <value>hidden</value>
                    <value>textarea</value>
                    <value>checkbox</value>
                    <value>radio</value>
                    <value>multibox</value>
                </allowedValues>
            </element>
            <element name="INPUT_RESET">
                <documentation>
                    Indicates whether or not the field should be reset (to its orginal value)
                    after the execution of the action.  This is useful when you want only
                    some of the parameters reset on the form but not all of them.
                </documentation>
                <value>@andromda.presentation.web.view.field.reset</value>
                <appliedOnElement>Parameter coming out of an action state carrying the <![CDATA[<<FrontEndView>>]]> stereotype</appliedOnElement>
                <allowedValues>
                    <value default="true">false</value>
                    <value>true</value>
                </allowedValues>
            </element>
            <element name="INPUT_VALIDWHEN">
                <documentation>
                    Additional validation to be performed, specify a
                    commons-validator condition here, see
                    <a href="http://struts.apache.org/userGuide/dev_validator.html"
                        target="_blank">Struts-Validator</a> and go to the section labeled
                    <code>http://struts.apache.org/userGuide/dev_validator.html</code>. The required
                    parentheses will automatically be placed around your condition.
                </documentation>
                <value>@andromda.presentation.web.view.field.validwhen</value>
                <appliedOnElement>Parameter coming out of an action state carrying the <![CDATA[<<FrontEndView>>]]> stereotype</appliedOnElement>
                <allowedValues>
                    <value>a Struts 'validwhen' condition</value>
                </allowedValues>
            </element>
            <element name="INPUT_EQUAL">
                <documentation>
                    Allows the comparison between 2 fields, this allows you to specify the
                    other field that a parameter must equal in order to be valid (like when
                    comparing two passwords)
                </documentation>
                <value>@andromda.presentation.web.view.field.equal</value>
                <appliedOnElement>Parameter coming out of an action state carrying the <![CDATA[<<FrontEndView>>]]> stereotype</appliedOnElement>
                <allowedValues>
                    <value>a Struts 'validwhen' condition</value>
                </allowedValues>
            </element>
            <element name="INPUT_VALIDATORS">
                <documentation>
                    Custom validation to be performed, you can add one or more of your own validators here.
                    Make sure you add your validator definitions in <code>validator-rules.xml</code>,
                    there is a <a href="../andromda-cartridges/index.html#mergeMappingsUri">merge point</a>
                    that can be used to have them automatically inserted.
                    Validator values look like this: <code>myValidator</code>,
                    <code>myValidator(myVar=myArg)</code>,
                    <code>myValidator(myVar=myArg,myVar2=myArg2)</code>, etc...
                    Specify each validator using a new value, don't specify all of them in a single value.
                    Be careful when using multiple validators with the same 'var' name, the last one
                    found will be used! Normally speaking this should not happen, so try to avoid it
                    (I recommend against using names used by known validators: minlength,
                    test, datePattern, ...)
                </documentation>
                <value>@andromda.presentation.web.view.field.validators</value>
                <appliedOnElement>Parameter coming out of an action state carrying the <![CDATA[<<FrontEndView>>]]> stereotype</appliedOnElement>
                <allowedValues>
                    <value>a call to one of your custom validators</value>
                </allowedValues>
            </element>
            <element name="INPUT_TABLELINK">
                <documentation>
                    The value is of the format <code>table.column</code> where
                    <code>table</code> denotes a parameter coming into
                    the page of type Collection (and containing a tagged value
                    to indicate it is to be displayed as a table); the
                    <code>column</code> part is used to indicate which column of
                    the corresponding table is to be used for linking.
                    The result will be that the specified table column will contain
                    a hyperlink reference to the action on which this parameter
                    resides, this is useful for example, to display a list of persons and view
                    their details by simply clicking on their names in the table
                    (for that to work this parameter's type should be 'link', use the
                    <code>@andromda.presentation.web.view.field.type=link</code> tagged value for that).
                    The column name is optional, if you do not specify it the name
                    of the parameter will be assumed. By setting the parameter type you 
                    can have any widget rendered into the table.
                </documentation>
                <value>@andromda.presentation.web.view.field.tablelink</value>
                <appliedOnElement>Parameter coming out of an action state carrying the <![CDATA[<<FrontEndView>>]]> stereotype</appliedOnElement>
                <allowedValues>
                    <value>
                        Any name of a table page-variable that is a collection type followed by a dot
                        and the name of the target column
                    </value>
                </allowedValues>
            </element>
            <element name="IS_TABLE">
                <documentation>
                    A flag indicating whether or not a parameter should be considered a table.  This must be 
                    set to true when you wish to display a list of simple types (such as strings) within a table.
                </documentation>
                <value>@andromda.presentation.view.table</value>
                <appliedOnElement>
                    A collection type parameter going into an action state carrying the <![CDATA[<<FrontEndView>>]]> stereotype
                </appliedOnElement>
                <allowedValues>
                    <value>true</value>
                    <value default="true">false</value>
                </allowedValues>
            </element>
            <element name="INPUT_TABLE_IDENTIFIER_COLUMNS">
                <documentation>
                    Allows one to define which columns should be considered identifiers when creating an input table, these
                    columns determine how the value is merged with the backing value of the table to be submitted.
                </documentation>
                <value>@andromda.presentation.view.field.table.identifier.columns</value>
                <appliedOnElement>
                    A collection type parameter (array is preferred) going out of an action state carrying the <![CDATA[<<FrontEndView>>]]> stereotype
                </appliedOnElement>
                <allowedValues>
                    <value>true</value>
                    <value default="true">false</value>
                </allowedValues>
            </element>
            <element name="TABLE_COLUMNS">
                <documentation>
                    The collection will be displayed in scrollable tabular format. 
                    Each column in this table will be mapped to a property of the object
                    type contained in the collection. So you will need to make sure all objects
                    have accessor methods for the property you list in this tagged value.
                    Properties are separated using a comma ','. More than one value maybe be assigned to
                    this tag, all properties will correctly be resolved.
                </documentation>
                <value>@andromda.presentation.view.table.columns</value>
                <appliedOnElement>
                    A collection type parameter going into an action state carrying the <![CDATA[<<FrontEndView>>]]> stereotype
                </appliedOnElement>
                <allowedValues>
                    <value>Comma-separated list of column names</value>
                </allowedValues>
            </element>
            <element name="INPUT_REQUIRED">
                <documentation>
                    Denotes whether or not this is a required field. If a field is required its type will always be
                    checked (you cannot enter a String value when an int is expected)
                </documentation>
                <value>@andromda.presentation.view.field.required</value>
                <appliedOnElement>Parameter coming out of an action state carrying the <![CDATA[<<FrontEndView>>]]> stereotype</appliedOnElement>
                <allowedValues>
                    <value default="true">false</value>
                    <value>true</value>
                </allowedValues>
            </element>
            <element name="INPUT_READONLY">
                <documentation>
                    Indicates the parameter is read only, it's value cannot be entered by the user
                </documentation>
                <value>@andromda.presentation.view.field.readonly</value>
                <appliedOnElement>Parameter coming out of an action state carrying the <![CDATA[<<FrontEndView>>]]> stereotype</appliedOnElement>
                <allowedValues>
                    <value default="true">false</value>
                    <value>true</value>
                </allowedValues>
            </element>
            <element name="INPUT_FORMAT">
                <documentation>
                    The format of this field's value.
                    <p>
                        <table cellpadding="5" rules="all">
                            <tr>
                                <th>Type</th>
                                <th>Value</th>
                                <th>Arguments</th>
                                <th>Example</th>
                                <th>Description</th>
                            </tr>
                            <tr>
                                <td>int, float, double, java.lang.Integer, java.lang.Float, java.lang.Double</td>
                                <td>range</td>
                                <td>2 of this type</td>
                                <td>range 2 12</td>
                                <td>Specifies in which range the value of this attribute must fall</td>
                            </tr>
                            <tr>
                                <td>java.util.Date, java.sql.Date</td>
                                <td>N/A</td>
                                <td>[strict] (format)</td>
                                <td>strict dd/MM/yyyy </td>
                                <td>The format in which dates need to be specified (optionally strict) (*)</td>
                            </tr>
                            <tr>
                                <td>java.lang.String</td>
                                <td>minlength</td>
                                <td>an integer value</td>
                                <td>minlength 4</td>
                                <td>Specifies the minimum number of characters</td>
                            </tr>
                            <tr>
                                <td>java.lang.String</td>
                                <td>maxlength</td>
                                <td>an integer value</td>
                                <td>maxlength 4</td>
                                <td>Specifies the maximum number of characters</td>
                            </tr>
                            <tr>
                                <td>java.lang.String</td>
                                <td>pattern</td>
                                <td>a regular expression</td>
                                <td>pattern [a-zA-Z]*</td>
                                <td>Validates format according to a regular expression (**), the leading
                                    '^' and trailing '$' must not be specified</td>
                            </tr>
                            <tr>
                                <td>java.lang.String</td>
                                <td>creditcard</td>
                                <td>N/A</td>
                                <td>creditcard</td>
                                <td>Validates the value to be a creditcard number, according to what is known as the Luhn check</td>
                            </tr>
                            <tr>
                                <td>java.lang.String</td>
                                <td>email</td>
                                <td>N/A</td>
                                <td>email</td>
                                <td>Checks if the specified value is a possible email address, IP addresses are also taken into account</td>
                            </tr>
                        </table>
                    </p>
                    <p>
                        (*) The format is specified by the java.text.SimpleDateFormat class from the Java 2 SDK, please
                        refer to the JavaDoc documentation of that class for more information, this format is case-sensitive
                        <a href="http://java.sun.com/j2se/1.5.0/docs/api/java/text/SimpleDateFormat.html">
                        SimpleDateFormat JavaDoc</a>
                        <br/>
                        (**) The pattern expression is a Perl regular expression as you would you use in Javascript,
                        by convention it requires the ^ and $ to denote respectively the beginning and ending of the pattern
                        <a href="http://devedge.netscape.com/library/manuals/2000/javascript/1.5/guide/regexp.html#1010689">
                        Netscape's guide to regular expressions in Javascript</a>
                    </p>
                </documentation>
                <value>@andromda.presentation.web.view.field.format</value>
                <appliedOnElement>Parameter coming out of an action state carrying the <![CDATA[<<FrontEndView>>]]> stereotype</appliedOnElement>
                <allowedValues>
                    <value>Any of the formats listed above</value>
                </allowedValues>
            </element>
        </elementGroup>
        <elementGroup name="Data Types">
            <element name="CHARACTER_TYPE">
                <documentation>
                </documentation>
                <value>datatype::char</value>
            </element>   
            <element name="BYTE_TYPE">
                <documentation>
                </documentation>
                <value>datatype::byte</value>
            </element>   
            <element name="SHORT_TYPE">
                <documentation>
                </documentation>
                <value>datatype::short</value>
            </element>   
            <element name="INTEGER_TYPE">
                <documentation>
                </documentation>
                <value>datatype::int</value>
            </element>  
            <element name="LONG_TYPE">
                <documentation>
                </documentation>
                <value>datatype::long</value>
            </element>   
            <element name="FLOAT_TYPE">
                <documentation>
                </documentation>
                <value>datatype::float</value>
            </element> 
            <element name="DOUBLE_TYPE">
                <documentation>
                </documentation>
                <value>datatype::double</value>
            </element>  
            <element name="URL_TYPE">
                <documentation>
                </documentation>
                <value>datatype::URL</value>
            </element>   
            <element name="TIME_TYPE">
                <documentation>
                </documentation>
                <value>datatype::Time</value>
            </element>
        </elementGroup>
    </elements>
</profile>