<?xml version="1.0" encoding="UTF-8"?>
<project>
    <extend>../project.xml</extend>
    <artifactId>andromda-ejb-cartridge-coppetec</artifactId>
    <name>AndroMDA EJB Cartridge</name>
    <shortDescription>EJB Cartridge</shortDescription>
    <description> Produces Entity and Session EJBs from a model. </description>
    <issueTrackingUrl>${issue.tracking.location}/jira/BrowseProject.jspa?id=10011&amp;decorator=none</issueTrackingUrl>
    <developers>
        <developer>
            <name>Chad Brandon</name>
            <id>cwbrandon</id>
            <email>chad@andromda.org</email>
        </developer>
    </developers>
    <contributors>
        <contributor>
            <name>Richard Kunze</name>
            <email>rkunze@sourceforge.users.net</email>
            <roles>
                <role>Developer</role>
            </roles>
        </contributor>
        <contributor>
            <name>Sascha-Matthias Kulawik</name>
            <email>skulawik@users.sourceforge.net</email>
            <roles>
                <role>Developer</role>
            </roles>
        </contributor>
	  <contributor>
            <name>Alexandre Cavalcanti</name>
            <email>jatcj@yahoo.com.br</email>
            <roles>
                <role>Developer</role>
            </roles>
        </contributor>
    </contributors>
    <dependencies>
        <dependency>
            <groupId>commons-lang</groupId>
            <artifactId>commons-lang</artifactId>
            <version>2.0</version>
            <type>jar</type>
        </dependency>
        <dependency>
            <groupId>commons-collections</groupId>
            <artifactId>commons-collections</artifactId>
            <version>3.1</version>
            <type>jar</type>
        </dependency>
        <!-- test dependencies -->
        <dependency>
            <groupId>andromda</groupId>
            <artifactId>maven-andromda-plugin</artifactId>
            <version>${pom.currentVersion}</version>
            <type>plugin</type>
        </dependency>
        <dependency>
            <groupId>andromda</groupId>
            <artifactId>andromda-core</artifactId>
            <version>${pom.currentVersion}</version>
            <type>jar</type>
        </dependency>
        <dependency>
            <groupId>andromda</groupId>
            <artifactId>andromda-metafacades-uml</artifactId>
            <version>${pom.currentVersion}</version>
            <type>jar</type>
        </dependency>
        <dependency>
            <groupId>andromda</groupId>
            <artifactId>andromda-metafacades-uml14</artifactId>
            <version>${pom.currentVersion}</version>
            <type>jar</type>
        </dependency>
        <dependency>
            <groupId>andromda</groupId>
            <artifactId>andromda-meta-cartridge</artifactId>
            <version>${pom.currentVersion}</version>
            <type>jar</type>
        </dependency>
        <dependency>
            <groupId>andromda</groupId>
            <artifactId>andromda-ocl-validation-library</artifactId>
            <version>${pom.currentVersion}</version>
            <type>jar</type>
        </dependency>
        <dependency>
            <groupId>andromda</groupId>
            <artifactId>andromda-cartridge-plugin</artifactId>
            <version>${pom.currentVersion}</version>
            <type>plugin</type>
        </dependency>
        <dependency>
            <groupId>log4j</groupId>
            <artifactId>log4j</artifactId>
            <version>1.2.8</version>
            <properties/>
        </dependency>
        <dependency>
            <groupId>andromda</groupId>
            <artifactId>andromda-ocl-query-library</artifactId>
            <version>${pom.currentVersion}</version>
            <type>jar</type>
            <properties>
                <cartridge.testDependency>true</cartridge.testDependency>
            </properties>
        </dependency>
    </dependencies>
</project>
