<?xml version="1.0" encoding="UTF-8"?>

<project>
    <extend>../project.xml</extend>
    <artifactId>andromda-jsf-cartridge</artifactId>
    <name>AndroMDA JSF Cartridge</name>
    <shortDescription>AndroMDA JSF Cartridge</shortDescription>
    <description>
		The JSF cartridge is used to generate JSF applications
        from UML models using both static and dynamic model elements.
        Generated applications have default security and internationalization
        implementations and can be deployed as they are.
    </description>
    <issueTrackingUrl>${issue.tracking.location}/BrowseProject.jspa?id=10100</issueTrackingUrl>
    <developers>
        <developer>
            <name>Chad Brandon</name>
            <id>cwbrandon</id>
            <email>chad@andromda.org</email>
            <roles>
                <role>Developer</role>
            </roles>
            <timezone>-7</timezone>
        </developer>
    </developers>
    <dependencies>
        <dependency>
            <groupId>${pom.groupId}</groupId>
            <artifactId>maven-andromda-plugin</artifactId>
            <version>${pom.currentVersion}</version>
            <type>plugin</type>
        </dependency>
        <dependency>
            <groupId>${pom.groupId}</groupId>
            <artifactId>andromda-java-cartridge</artifactId>
            <version>${pom.currentVersion}</version>
        </dependency>
        <dependency>
            <groupId>${pom.groupId}</groupId>
            <artifactId>andromda-cartridge-plugin</artifactId>
            <version>${pom.currentVersion}</version>
            <type>plugin</type>
        </dependency>
        <dependency>
            <groupId>${pom.groupId}</groupId>
            <artifactId>andromda-core</artifactId>
            <version>${pom.currentVersion}</version>
        </dependency>
        <dependency>
            <groupId>${pom.groupId}</groupId>
            <artifactId>andromda-utils</artifactId>
            <version>${pom.currentVersion}</version>
        </dependency>
        <dependency>
            <groupId>${pom.groupId}</groupId>
            <artifactId>andromda-metafacades-uml</artifactId>
            <version>${pom.currentVersion}</version>
        </dependency>
        <dependency>
            <groupId>${pom.groupId}</groupId>
            <artifactId>andromda-meta-cartridge</artifactId>
            <version>${pom.currentVersion}</version>
        </dependency>
        <dependency>
            <groupId>${pom.groupId}</groupId>
            <artifactId>andromda-ocl-validation-library</artifactId>
            <version>${pom.currentVersion}</version>
        </dependency>
        <dependency>
            <groupId>commons-lang</groupId>
            <artifactId>commons-lang</artifactId>
            <version>2.0</version>
        </dependency>
        <dependency>
            <groupId>commons-collections</groupId>
            <artifactId>commons-collections</artifactId>
     		<version>3.1</version>
        </dependency>
        <dependency>
            <groupId>log4j</groupId>
            <artifactId>log4j</artifactId>
            <version>1.2.8</version>
        </dependency>
        <dependency>
            <groupId>${pom.groupId}</groupId>
            <artifactId>${pom.artifactId}-components</artifactId>
            <version>${pom.currentVersion}</version>
        </dependency>
    </dependencies>
</project>