<?xml version='1.0' encoding='utf-8'?>

<!DOCTYPE hibernate-configuration PUBLIC
        "-//Hibernate/Hibernate Configuration DTD 3.0//EN"
        "http://hibernate.sourceforge.net/hibernate-configuration-3.0.dtd">

<hibernate-configuration>
    <session-factory>

        <!-- jdbc connection properties -->
        <property name="hibernate.dialect">@hibernate.db.dialect@</property>
        <property name="hibernate.connection.driver_class">@dataSource.driver.class@</property>
        <property name="hibernate.connection.url">@dataSource.url@</property>
        <property name="hibernate.connection.username">@dataSource.user@</property>
        <property name="hibernate.connection.password">@dataSource.password@</property>

        <!-- c3p0 connection pooling properties
        <property name="hibernate.c3p0.min_size">1</property>
        <property name="hibernate.c3p0.max_size">3</property>
        -->

        <!-- other hibernate properties -->
        <property name="hibernate.show_sql">@hibernate.db.showSql@</property>

        <!--identity mapping files -->
        <!-- uncomment if you don't want to use the default jBPM identity mgmgt component -->
        <mapping resource="org/jbpm/identity/User.hbm.xml"/>
        <mapping resource="org/jbpm/identity/Group.hbm.xml"/>
        <mapping resource="org/jbpm/identity/Membership.hbm.xml"/>

        <!-- graph.def mapping files -->
        <mapping resource="org/jbpm/graph/def/ProcessDefinition.hbm.xml"/>
        <mapping resource="org/jbpm/graph/def/Node.hbm.xml"/>
        <mapping resource="org/jbpm/graph/def/Transition.hbm.xml"/>
        <mapping resource="org/jbpm/graph/def/Event.hbm.xml"/>
        <mapping resource="org/jbpm/graph/def/Action.hbm.xml"/>
        <mapping resource="org/jbpm/graph/def/SuperState.hbm.xml"/>
        <mapping resource="org/jbpm/graph/def/ExceptionHandler.hbm.xml"/>
        <mapping resource="org/jbpm/instantiation/Delegation.hbm.xml"/>

        <!-- graph.node mapping files -->
        <mapping resource="org/jbpm/graph/node/StartState.hbm.xml"/>
        <mapping resource="org/jbpm/graph/node/EndState.hbm.xml"/>
        <mapping resource="org/jbpm/graph/node/ProcessState.hbm.xml"/>
        <mapping resource="org/jbpm/graph/node/Decision.hbm.xml"/>
        <mapping resource="org/jbpm/graph/node/Fork.hbm.xml"/>
        <mapping resource="org/jbpm/graph/node/Join.hbm.xml"/>
        <mapping resource="org/jbpm/graph/node/State.hbm.xml"/>
        <mapping resource="org/jbpm/graph/node/TaskNode.hbm.xml"/>

        <!-- graph.action mapping files -->
        <mapping resource="org/jbpm/graph/action/Script.hbm.xml"/>

        <!-- context.def mapping files -->
        <mapping resource="org/jbpm/context/def/ContextDefinition.hbm.xml"/>
        <mapping resource="org/jbpm/context/def/VariableAccess.hbm.xml"/>

        <!-- taskmgmt.def mapping files -->
        <mapping resource="org/jbpm/taskmgmt/def/TaskMgmtDefinition.hbm.xml"/>
        <mapping resource="org/jbpm/taskmgmt/def/Swimlane.hbm.xml"/>
        <mapping resource="org/jbpm/taskmgmt/def/Task.hbm.xml"/>
        <mapping resource="org/jbpm/taskmgmt/def/TaskController.hbm.xml"/>

        <!-- module.def mapping files -->
        <mapping resource="org/jbpm/module/def/ModuleDefinition.hbm.xml"/>

        <!-- bytes mapping files -->
        <mapping resource="org/jbpm/bytes/ByteArray.hbm.xml"/>

        <!-- file.def mapping files -->
        <mapping resource="org/jbpm/file/def/FileDefinition.hbm.xml"/>

        <!-- scheduler.def mapping files -->
        <mapping resource="org/jbpm/scheduler/def/CreateTimerAction.hbm.xml"/>
        <mapping resource="org/jbpm/scheduler/def/CancelTimerAction.hbm.xml"/>

        <!-- graph.exe mapping files -->
        <mapping resource="org/jbpm/graph/exe/Comment.hbm.xml"/>
        <mapping resource="org/jbpm/graph/exe/ProcessInstance.hbm.xml"/>
        <mapping resource="org/jbpm/graph/exe/Token.hbm.xml"/>
        <mapping resource="org/jbpm/graph/exe/RuntimeAction.hbm.xml"/>

        <!-- module.exe mapping files -->
        <mapping resource="org/jbpm/module/exe/ModuleInstance.hbm.xml"/>

        <!-- context.exe mapping files -->
        <mapping resource="org/jbpm/context/exe/ContextInstance.hbm.xml"/>
        <mapping resource="org/jbpm/context/exe/TokenVariableMap.hbm.xml"/>
        <mapping resource="org/jbpm/context/exe/VariableInstance.hbm.xml"/>
        <mapping resource="org/jbpm/context/exe/variableinstance/ByteArrayInstance.hbm.xml"/>
        <mapping resource="org/jbpm/context/exe/variableinstance/DateInstance.hbm.xml"/>
        <mapping resource="org/jbpm/context/exe/variableinstance/DoubleInstance.hbm.xml"/>
        <mapping resource="org/jbpm/context/exe/variableinstance/HibernateLongInstance.hbm.xml"/>
        <mapping resource="org/jbpm/context/exe/variableinstance/HibernateStringInstance.hbm.xml"/>
        <mapping resource="org/jbpm/context/exe/variableinstance/LongInstance.hbm.xml"/>
        <mapping resource="org/jbpm/context/exe/variableinstance/StringInstance.hbm.xml"/>

        <!-- taskmgmt.exe mapping files -->
        <mapping resource="org/jbpm/taskmgmt/exe/TaskMgmtInstance.hbm.xml"/>
        <mapping resource="org/jbpm/taskmgmt/exe/TaskInstance.hbm.xml"/>
        <mapping resource="org/jbpm/taskmgmt/exe/PooledActor.hbm.xml"/>
        <mapping resource="org/jbpm/taskmgmt/exe/SwimlaneInstance.hbm.xml"/>

        <!-- scheduler.exe mapping files -->
        <mapping resource="org/jbpm/scheduler/exe/Timer.hbm.xml"/>

        <!-- logging mapping files -->
        <mapping resource="org/jbpm/logging/log/ProcessLog.hbm.xml"/>
        <mapping resource="org/jbpm/logging/log/MessageLog.hbm.xml"/>
        <mapping resource="org/jbpm/logging/log/CompositeLog.hbm.xml"/>
        <mapping resource="org/jbpm/graph/log/ActionLog.hbm.xml"/>
        <mapping resource="org/jbpm/graph/log/NodeLog.hbm.xml"/>
        <mapping resource="org/jbpm/graph/log/ProcessInstanceCreateLog.hbm.xml"/>
        <mapping resource="org/jbpm/graph/log/ProcessInstanceEndLog.hbm.xml"/>
        <mapping resource="org/jbpm/graph/log/SignalLog.hbm.xml"/>
        <mapping resource="org/jbpm/graph/log/TokenCreateLog.hbm.xml"/>
        <mapping resource="org/jbpm/graph/log/TokenEndLog.hbm.xml"/>
        <mapping resource="org/jbpm/graph/log/TransitionLog.hbm.xml"/>
        <mapping resource="org/jbpm/context/log/VariableLog.hbm.xml"/>
        <mapping resource="org/jbpm/context/log/VariableCreateLog.hbm.xml"/>
        <mapping resource="org/jbpm/context/log/VariableDeleteLog.hbm.xml"/>
        <mapping resource="org/jbpm/context/log/VariableUpdateLog.hbm.xml"/>
        <mapping resource="org/jbpm/context/log/variableinstance/ByteArrayUpdateLog.hbm.xml"/>
        <mapping resource="org/jbpm/context/log/variableinstance/DateUpdateLog.hbm.xml"/>
        <mapping resource="org/jbpm/context/log/variableinstance/DoubleUpdateLog.hbm.xml"/>
        <mapping resource="org/jbpm/context/log/variableinstance/HibernateLongUpdateLog.hbm.xml"/>
        <mapping resource="org/jbpm/context/log/variableinstance/HibernateStringUpdateLog.hbm.xml"/>
        <mapping resource="org/jbpm/context/log/variableinstance/LongUpdateLog.hbm.xml"/>
        <mapping resource="org/jbpm/context/log/variableinstance/StringUpdateLog.hbm.xml"/>
        <mapping resource="org/jbpm/taskmgmt/log/TaskLog.hbm.xml"/>
        <mapping resource="org/jbpm/taskmgmt/log/TaskCreateLog.hbm.xml"/>
        <mapping resource="org/jbpm/taskmgmt/log/TaskAssignLog.hbm.xml"/>
        <mapping resource="org/jbpm/taskmgmt/log/TaskEndLog.hbm.xml"/>
        <mapping resource="org/jbpm/taskmgmt/log/SwimlaneLog.hbm.xml"/>
        <mapping resource="org/jbpm/taskmgmt/log/SwimlaneCreateLog.hbm.xml"/>
        <mapping resource="org/jbpm/taskmgmt/log/SwimlaneAssignLog.hbm.xml"/>

    </session-factory>
</hibernate-configuration>
