<project default="jar:install"
         xmlns:ant="jelly:ant">
            
    <!-- ==================================================================
             Cleans the cartridge
         ================================================================== -->        
    <goal name="clean">
        <attainGoal name="clean:clean"/>
    </goal>   
         
    <!-- ==================================================================
             Unzip the howto images
         ================================================================== -->
    <preGoal name="xdoc:transform">
        <ant:unzip src="${howto.pictures.zip}" dest="${howto.output.dir}"/>
    </preGoal>

    <!-- ==================================================================
             Generate the PDF documentation
         ================================================================== -->
    <postGoal name="xdoc">
        <!-- we want to generate a pdf from the documentation -->
        <attainGoal name="fo:fo"/>
        <attainGoal name="pdf:pdf"/>
    </postGoal>

</project>

