<project>
    <extend>../project.xml</extend>
    <artifactId>andromda-spring-cartridge</artifactId>
    <name>AndroMDA Spring Cartridge</name>
    <package>org.andromda.cartridges.spring</package>
    <description>
        Generates spring with Hibernate
      </description>
    <shortDescription>AndroMDA Spring Cartridge</shortDescription>
    <developers>
        <developer>
            <name>Chad Brandon</name>
            <id>cwbrandon</id>
            <email>chad@andromda.org</email>
            <roles>
                <role>Developer</role>
            </roles>
        </developer>
        <developer>
            <name>Peter Friese</name>
            <id>freter</id>
            <email>peter@andromda.org</email>
            <roles>
                <role>Developer</role>
            </roles>
        </developer>
    </developers>
    <dependencies>
        <dependency>
            <groupId>andromda</groupId>
            <artifactId>maven-andromda-plugin</artifactId>
            <version>${pom.currentVersion}</version>
            <type>plugin</type>
        </dependency>
        <dependency>
            <groupId>andromda</groupId>
            <artifactId>andromda-core</artifactId>
            <version>${pom.currentVersion}</version>
            <properties/>
        </dependency>
        <dependency>
            <groupId>andromda</groupId>
            <artifactId>andromda-metafacades-uml</artifactId>
            <version>${pom.currentVersion}</version>
        </dependency>
        <dependency>
            <groupId>andromda</groupId>
            <artifactId>andromda-meta-cartridge</artifactId>
            <version>${pom.currentVersion}</version>
        </dependency>
        <dependency>
            <groupId>andromda</groupId>
            <artifactId>andromda-ocl-validation-library</artifactId>
            <version>${pom.currentVersion}</version>
        </dependency>
        <dependency>
            <groupId>log4j</groupId>
            <artifactId>log4j</artifactId>
            <version>1.2.8</version>
            <properties/>
        </dependency>
        <dependency>
            <groupId>commons-lang</groupId>
            <artifactId>commons-lang</artifactId>
            <version>2.0</version>
            <properties/>
        </dependency>
        <dependency>
            <groupId>commons-collections</groupId>
            <artifactId>commons-collections</artifactId>
            <version>3.1</version>
            <properties/>
        </dependency>
        <!-- howto artifact generation dependencies -->
        <dependency>
            <groupId>andromda</groupId>
            <artifactId>andromda-java-cartridge</artifactId>
            <version>${pom.currentVersion}</version>
            <properties>
                <cartridge.howtoDependency/>
            </properties>
        </dependency>
        <dependency>
            <groupId>andromda</groupId>
            <artifactId>andromda-hibernate-cartridge-coppetec</artifactId>
            <version>${pom.currentVersion}</version>
            <properties>
                <cartridge.howtoDependency/>
            </properties>
        </dependency>
        <!-- test dependencies -->
        <dependency>
            <groupId>andromda</groupId>
            <artifactId>andromda-cartridge-plugin</artifactId>
            <version>${pom.currentVersion}</version>
            <type>plugin</type>
            <properties/>
        </dependency>
        <dependency>
            <groupId>andromda</groupId>
            <artifactId>andromda-ocl-query-library</artifactId>
            <version>${pom.currentVersion}</version>
            <properties>
                <cartridge.testDependency/>
                <cartridge.howtoDependency/>
            </properties>
        </dependency>
    </dependencies>
</project>