<?xml version="1.0" encoding="UTF-8"?>

<project>
    <extend>../project.xml</extend>
    <artifactId>andromda-meta-cartridge</artifactId>
    <name>AndroMDA Meta Cartridge</name>
    <shortDescription>Meta Cartridge</shortDescription>
    <description>
		Produces metafacades.
    </description>
    <issueTrackingUrl>${issue.tracking.location}/secure/BrowseProject.jspa?id=10050</issueTrackingUrl>
    <developers>
        <developer>
            <name>Matthias Bohlen</name>
            <id>mattes3</id>
            <email>matthias@andromda.org</email>
            <roles>
                <role>Developer</role>
            </roles>
        </developer>
        <developer>
            <name>Chad Brandon</name>
            <id>cwbrandon</id>
            <email>chad@andromda.org</email>
            <roles>
                <role>Developer</role>
            </roles>
        </developer>
    </developers>
    <dependencies>
        <dependency>
            <groupId>${pom.groupId}-bootstrap</groupId>
            <artifactId>maven-andromda-bootstrap-plugin</artifactId>
            <version>${pom.currentVersion}</version>
            <type>plugin</type>
        </dependency>
        <dependency>
            <groupId>andromda</groupId>
            <artifactId>andromda-core</artifactId>
            <version>${pom.currentVersion}</version>
        </dependency>
        <dependency>
            <groupId>andromda</groupId>
            <artifactId>andromda-metafacades-uml</artifactId>
            <version>${pom.currentVersion}</version>
        </dependency>
        <dependency>
            <groupId>andromda-bootstrap</groupId>
            <artifactId>andromda-ocl-validation-library</artifactId>
            <version>${pom.currentVersion}</version>
        </dependency>
        <dependency>
            <groupId>commons-lang</groupId>
            <artifactId>commons-lang</artifactId>
            <version>2.0</version>
        </dependency>
        <dependency>
            <groupId>commons-collections</groupId>
            <artifactId>commons-collections</artifactId>
     		<version>3.1</version>
        </dependency>
        <dependency>
            <groupId>log4j</groupId>
            <artifactId>log4j</artifactId>
            <version>1.2.8</version>
        </dependency>
        <!-- test dependencies -->
        <dependency>
            <groupId>andromda-bootstrap</groupId>
            <artifactId>andromda-cartridge-bootstrap-plugin</artifactId>
            <version>${pom.currentVersion}</version>
            <type>plugin</type>
        </dependency>
    </dependencies>
</project>
