<project>
    <extend>../project.xml</extend>
    <name>AndroMDA WebService Cartridge</name>
    <artifactId>andromda-webservice-cartridge</artifactId>
    <description>
		Produces Apache Axis WSDD (Web Service Deployment Descriptors and WSDLs) 
		used in conjunction with Session EJBs generated from 'Service'
		stereotypes (or just plain POJOs) defined within a model.
    </description>
    <shortDescription>WebService Cartridge</shortDescription>
    <issueTrackingUrl>${issue.tracking.location}/BrowseProject.jspa?id=10021&amp;decorator=none</issueTrackingUrl>
    <developers>
        <developer>
            <name>Chad Brandon</name>
            <id>cwbrandon</id>
            <email>chad@andromda.org</email>
            <roles>
                <role>Developer</role>
                <role>Documentation</role>
            </roles>
        </developer>
    </developers>
    <dependencies>
        <dependency>
            <groupId>andromda</groupId>
            <artifactId>andromda-core</artifactId>
            <version>${pom.currentVersion}</version>
            <properties/>
        </dependency>
        <dependency>
            <groupId>andromda</groupId>
            <artifactId>andromda-metafacades-uml</artifactId>
            <version>${pom.currentVersion}</version>
            <properties/>
        </dependency>
        <dependency>
            <groupId>andromda</groupId>
            <artifactId>maven-andromda-plugin</artifactId>
            <version>${pom.currentVersion}</version>
            <type>plugin</type>
        </dependency>
        <dependency>
            <groupId>andromda</groupId>
            <artifactId>andromda-meta-cartridge</artifactId>
            <version>${pom.currentVersion}</version>
            <properties/>
        </dependency>
        <dependency>
            <groupId>andromda</groupId>
            <artifactId>andromda-ocl-validation-library</artifactId>
            <version>${pom.currentVersion}</version>
            <properties/>
        </dependency>
        <dependency>
            <groupId>commons-lang</groupId>
            <artifactId>commons-lang</artifactId>
            <version>2.0</version>
            <properties/>
        </dependency>
        <dependency>
            <groupId>commons-collections</groupId>
            <artifactId>commons-collections</artifactId>
     		<version>3.1</version>
            <properties/>
        </dependency>
        <dependency>
            <groupId>log4j</groupId>
            <artifactId>log4j</artifactId>
            <version>1.2.8</version>
            <properties/>
        </dependency>
        <!-- test dependencies -->
        <dependency>
            <groupId>andromda</groupId>
            <artifactId>andromda-cartridge-plugin</artifactId>
            <version>${pom.currentVersion}</version>
            <type>plugin</type>
            <properties/>
        </dependency>
    </dependencies>
    <properties/>
</project>