<?xml version="1.0" encoding="ISO-8859-1" ?>

<namespace name="jbpm">
    <components>
        <component name="cartridge">
            <path>META-INF/andromda/cartridge.xml</path>
        </component>
        <component name="metafacades">
            <path>META-INF/andromda/metafacades.xml</path>
        </component>
        <component name="profile">
            <path>META-INF/andromda/profile.xml</path>
        </component>
    </components>
    <properties>
        <!-- namespace-propertyGroup merge-point -->
        <propertyGroup name="Outlets">
            <documentation>
                Defines the locations to which output is generated.
            </documentation>
            <property name="definitions">
                <documentation>
                    The location to which the process definition XML descriptors are written.
                </documentation>
            </property>
            <property name="handlers">
                <documentation>
                    The location to which the action handlers, assignment handlers,
                    decision handlers and task controller handlers are written
                    (interfaces that are overwritten upon regeneration).
                </documentation>
            </property>
            <property name="handler-impls">
                <documentation>
                    The location to which the action handlers, assignment handlers,
                    decision handlers and task controller handlers are written
                    (implementation classes manually edited by the user).
                </documentation>
            </property>
            <property name="nodes" required="false">
                <documentation>
                    The location to which classes representing the different nodes in the process are
                    generated. These classes allow strongly-typed usage of the process instances.
                </documentation>
            </property>
            <property name="helpers" required="false">
                <documentation>
                    The location to which the process helper classes are written. These classes
                    contain static utility methods to more easily handle the process, they
                    are overwritten upon regeneration.
                </documentation>
            </property>
            <property name="clients" required="false">
                <documentation>
                    The location to which the a small client application will be generated
                    that will allow you to initialize the JBpm database environment. This client
                    can be called from the command line.
                </documentation>
            </property>
            <property name="configuration" required="false">
                <documentation>
                    The outlet for jBpm specific configuration, this includes configuration
                    files for Hibernate, EhCache and a jboss-service.xml.
                </documentation>
            </property>
        </propertyGroup>
        <propertyGroup name="Other">
            <property name="clientPackage">
                <default>org.andromda.cartridges.jbpm.client</default>
                <documentation>
                    The package to use for generated client applications.
                </documentation>
            </property>
        </propertyGroup>
    </properties>
</namespace>