<?xml version="1.0" encoding="ISO-8859-1" ?>
<!--
  This is used to map the model types to 
  SAPDB types for generated code.
-->
<mappings name="SapDB">
    <mapping>
        <from>datatype::String</from>
        <to>VARCHAR(256)</to>
    </mapping>
    <mapping>
        <from>datatype::Date</from>
        <to>TIMESTAMP</to>
    </mapping>
    <mapping>
        <from>datatype::Time</from>
        <to>TIME</to>
    </mapping>
    <mapping>
        <from>datatype::Timestamp</from>
        <from>datatype::DateTime</from>
        <to>TIMESTAMP</to>
    </mapping>
    <mapping>
        <from>datatype::char</from>
        <from>datatype::Character</from>
        <to>CHAR</to>
    </mapping>
    <mapping>
        <from>datatype::byte</from>
        <from>datatype::Byte</from>
        <to>CHAR BYTE</to>
    </mapping>
    <mapping>
        <from>datatype::short</from>
        <from>datatype::Short</from>
        <to>SMALLINT</to>
    </mapping>
    <mapping>
        <from>datatype::int</from>
        <from>datatype::Integer</from>
        <to>FIXED(10)</to>
    </mapping>
    <mapping>
        <from>datatype::long</from>
        <from>datatype::Long</from>
        <to>FIXED(19,0)</to>
    </mapping>
    <mapping>
        <from>datatype::float</from>
        <from>datatype::Float</from>
        <to>FLOAT(16)</to>
    </mapping>
    <mapping>
        <from>datatype::double</from>
        <from>datatype::Double</from>
        <from>datatype::Money</from>
        <to>FLOAT(38)</to>
    </mapping>
    <mapping>
        <from>datatype::boolean</from>
        <from>datatype::Boolean</from>
        <to>BOOLEAN</to>
    </mapping>
    <mapping>
        <from>datatype::Decimal</from>
        <from>datatype::decimal</from>
        <to>DECIMAL</to>
    </mapping>
    <mapping>
        <from>datatype::Clob</from>
        <to>LONG UNICODE</to>
    </mapping>
    <mapping>
        <from>datatype::Blob</from>
        <to>LONG BYTE</to>
    </mapping>
</mappings>
