<cartridge>

    <templateObject name="stringUtils" className="org.apache.commons.lang.StringUtils"/>
    <templateObject name="escapeUtils" className="org.apache.commons.lang.StringEscapeUtils"/>
    <templateObject name="webServiceUtils" className="org.andromda.cartridges.webservice.WebServiceUtils"/>
    <!-- cartridge-templateObject merge-point-->

    <property reference="applicationName"/>
    <property reference="wsdlSoapAddress"/>
    <property reference="securityRealm"/>
    <property reference="testServiceLocatorName"/>
    <property reference="testServiceLocatorPackage"/>
    <property reference="servicesPath"/>
    <property reference="ejbJndiUrl"/>
    <property reference="ejbNamingContextFactory"/>
    <property reference="sessionTimeout"/>
    <property reference="webserviceTypesPackage"/>
    <property reference="wsdlSoapNamespace"/>
    <property reference="xmlSchemaNamespace"/>
    <property reference="wsdlNamespace"/>
    <property reference="documentStyleTransportNamespace"/>
    <property reference="xmlEncoding"/>
    <property reference="signedRequest"/>
    <property reference="encryptedRequest"/>
    <property reference="encryptedResponse"/>
    <property reference="signedResponse"/>
    <property reference="cryptoKeyStore"/>
    <property reference="cryptoKeyStoreType"/>
    <property reference="cryptoKeyStoreAlias"/>
    <property reference="cryptoAliasPassword"/>
    <property reference="cryptoKeyStorePassword"/>
    <property reference="attachmentsDirectory"/>
    <!-- cartridge-property merge-point -->

    <!-- cartridge-resource merge-point -->

    <template
        path="templates/webservice/wsdl/wrapped-wsdl.vsl"
        outputPattern="{0}/{1}.wsdl"
        outlet="wsdls"
        overwrite="true">
        <modelElements variable="service">
            <modelElement>
                <type name="org.andromda.cartridges.webservice.metafacades.WebService">
                    <property name="allowedOperations"/>
                </type>
            </modelElement>
        </modelElements>
    </template>

    <template
        path="templates/webservice/axis/web.xml.vsl"
        outputPattern="WEB-INF/web.xml"
        outlet="axis-configuration"
        overwrite="true"
        outputToSingleFile="true">
        <modelElements variable="services">
            <modelElement>
                <type name="org.andromda.cartridges.webservice.metafacades.WebService">
                    <property name="allowedOperations"/>
                </type>
            </modelElement>
        </modelElements>
    </template>

    <template
        path="templates/webservice/axis/jboss-web.xml.vsl"
        outputPattern="WEB-INF/jboss-web.xml"
        outlet="axis-configuration"
        overwrite="true"/>

    <template
        path="templates/webservice/axis/server-config.wsdd.vsl"
        outputPattern="WEB-INF/server-config.wsdd"
        outlet="axis-configuration"
        overwrite="true"
        outputToSingleFile="true"
        outputOnEmptyElements="false">
        <modelElements variable="services">
            <modelElement>
                <type name="org.andromda.cartridges.webservice.metafacades.WebService">
                    <property name="allowedOperations"/>
                </type>
            </modelElement>
        </modelElements>
    </template>

    <template
        path="templates/webservice/axis/wss4j/crypto.properties.vsl"
        outputPattern="wss4j/crypto.properties"
        outlet="wss4j-configuration"
        overwrite="true"
        outputToSingleFile="true"
        outputOnEmptyElements="false">
        <modelElements variable="services">
            <modelElement>
                <type name="org.andromda.cartridges.webservice.metafacades.WebService">
                    <property name="allowedOperations"/>
                </type>
            </modelElement>
        </modelElements>
    </template>

    <template
        path="templates/webservice/axis/WebServiceTest.java.vsl"
        outputPattern="$generatedFile"
        outlet="axis-tests"
        overwrite="true">
        <modelElements variable="service">
            <modelElement>
                <type name="org.andromda.cartridges.webservice.metafacades.WebService">
                    <property name="allowedOperations"/>
                </type>
            </modelElement>
        </modelElements>
    </template>

    <template
        path="templates/webservice/axis/WebServiceTestServiceLocator.java.vsl"
        outputPattern="$generatedFile"
        outlet="axis-tests"
        overwrite="true"
        outputToSingleFile="true"
        outputOnEmptyElements="false">
        <modelElements variable="services">
            <modelElement>
                <type name="org.andromda.cartridges.webservice.metafacades.WebService">
                    <property name="allowedOperations"/>
                </type>
            </modelElement>
        </modelElements>
    </template>

    <template
        path="templates/webservice/axis/WebServiceTestImpl.java.vsl"
        outputPattern="$generatedFile"
        outlet="axis-test-impls"
        overwrite="false">
        <modelElements variable="service">
            <modelElement>
                <type name="org.andromda.cartridges.webservice.metafacades.WebService">
                    <property name="allowedOperations"/>
                </type>
            </modelElement>
        </modelElements>
    </template>
    
    <template
        path="templates/webservice/axis/AttachmentHandler.java.vsl"
        outputPattern="$stringUtils.replace($webserviceTypesPackage, '.', '/')/${className}.java"
        outlet="webservice-types"
        overwrite="true"/>

    <!-- cartridge-template merge-point -->

</cartridge>