<?xml version="1.0" encoding="ISO-8859-1" ?>

<metafacades>
    <property reference="namespacePrefix"/>
    <property reference="qualifiedNameLocalPartPattern"/>
    <property reference="namespacePattern"/>
    <property reference="reverseNamespace"/>
    <property reference="defaultProvider"/>
    <property reference="defaultStyle"/>
    <property reference="defaultUse"/>
    <property reference="rpcClassNamePattern"/>
    <property reference="wsdlOperationSortMode"/>
    <property reference="testPackageNamePattern"/>
    <property reference="testNamePattern"/>
    <property reference="testImplementationNamePattern"/>
    <property reference="arrayNamePrefix"/>
    <property reference="schemaTypeMappingsUri"/>
    <property reference="ejbJndiNamePrefix"/>
    <property reference="ejbInterfacePattern"/>
    <property reference="ejbHomeInterfacePattern"/>
    <metafacade class="org.andromda.cartridges.webservice.metafacades.WSDLTypeLogicImpl" contextRoot="true">
        <mapping class="org.omg.uml.foundation.core.UmlClass$Impl"/>
    </metafacade>
    <metafacade class="org.andromda.cartridges.webservice.metafacades.WSDLTypeLogicImpl" contextRoot="true">
        <mapping class="org.omg.uml.foundation.core.DataType$Impl"/>
    </metafacade>
    <metafacade class="org.andromda.cartridges.webservice.metafacades.WSDLEnumerationTypeLogicImpl">
        <mapping>
            <stereotype>ENUMERATION</stereotype>
        </mapping>
    </metafacade>
    <metafacade class="org.andromda.cartridges.webservice.metafacades.WSDLTypeAssociationEndLogicImpl">
        <mapping>
            <context>org.andromda.cartridges.webservice.metafacades.WSDLType</context>
        </mapping>
    </metafacade>
    <metafacade class="org.andromda.cartridges.webservice.metafacades.WSDLTypeAttributeLogicImpl">
        <mapping>
            <context>org.andromda.cartridges.webservice.metafacades.WSDLType</context>
        </mapping>
    </metafacade>
    <metafacade class="org.andromda.cartridges.webservice.metafacades.WebServiceLogicImpl" contextRoot="true">
        <mapping>
            <stereotype>WEBSERVICE</stereotype>
        </mapping>
    </metafacade>
    <metafacade class="org.andromda.cartridges.webservice.metafacades.WebServiceLogicImpl" contextRoot="true">
        <mapping>
            <stereotype>SERVICE</stereotype>
        </mapping>
    </metafacade>
    <metafacade class="org.andromda.cartridges.webservice.metafacades.WebServiceOperationLogicImpl" contextRoot="true">
        <mapping>
            <stereotype>WEBSERVICE_OPERATION</stereotype>
        </mapping>
        <property reference="testImplementationOperationNamePrefix"/>
    </metafacade>
    <metafacade class="org.andromda.cartridges.webservice.metafacades.WebServiceOperationLogicImpl" contextRoot="true">
        <mapping>
            <context>org.andromda.cartridges.webservice.metafacades.WebService</context>
        </mapping>
        <property reference="testImplementationOperationNamePrefix"/>
    </metafacade>
    <metafacade class="org.andromda.cartridges.webservice.metafacades.WebServiceParameterLogicImpl">
        <mapping>
            <context>org.andromda.cartridges.webservice.metafacades.WebServiceOperation</context>
        </mapping>
    </metafacade>
</metafacades>