<components path="META-INF/andromda/namespace.xml">
    <component 
        name="cartridge"
        type="org.andromda.core.cartridge.Cartridge">
        <path>META-INF/andromda-cartridge.xml</path>
    </component>
    <component
        name="metafacades"
        type="org.andromda.core.metafacade.MetafacadeMappings">
        <path>META-INF/andromda-metafacades.xml</path>
    </component>
    <component
        name="profile"
        type="org.andromda.core.profile.Profile">
    </component>
    <component
        name="repository"
        type="org.andromda.core.repository.Repository">
    </component>
    <component
        name="translation-library"
        type="org.andromda.core.translation.library.Library">
        <path>META-INF/andromda-translation-library.xml</path>    
    </component>
</components>