<?xml version="1.0" encoding="UTF-8"?>

<project>
    <extend>../project.xml</extend>
    <artifactId>andromda-java-cartridge-coppetec</artifactId>
    <name>AndroMDA Java Cartridge</name>
    <shortDescription>Java Cartridge</shortDescription>
    <description>
		Produces java value objects.
    </description>
    <developers>
        <developer>
            <name>Matthias Bohlen</name>
            <id>mattes3</id>
            <email>matthias@andromda.org</email>
            <roles>
                <role>Developer</role>
            </roles>
        </developer>
        <developer>
            <name>Chad Brandon</name>
            <id>cwbrandon</id>
            <email>chad@andromda.org</email>
            <roles>
                <role>Developer</role>
                <role>Documentation</role>
            </roles>
        </developer>
    </developers>
    <contributors>
        <contributor>
            <name>Kunal Parikh</name>
            <email>kunal@kaypee.net</email>
            <organization>kaypee.net</organization>
            <roles>
                <role>Developer</role>
            </roles>
            <url>http://www.kaypee.net</url>
            <timezone>10</timezone>
        </contributor>
    </contributors>
    <dependencies>
        <!-- test dependencies -->
        <dependency>
            <groupId>andromda</groupId>
            <artifactId>andromda-cartridge-plugin</artifactId>
            <version>${pom.currentVersion}</version>
            <type>plugin</type>
            <properties/>
        </dependency>
    </dependencies>
</project>
