<project>
    <extend>../project.xml</extend>
    <name>AndroMDA XMLSchema Cartridge</name>
    <artifactId>andromda-xmlschema-cartridge</artifactId>
    <organization/>
    <description>
        Generates XSD Schemas
  	</description>
    <shortDescription>AndroMDA Schema Cartridge</shortDescription>
    <versions/>
    <branches/>
    <mailingLists/>
    <developers>
        <developer>
            <name>Chad Brandon</name>
            <id>cwbrandon</id>
            <email>chad@andromda.org</email>
            <roles/>
        </developer>
    </developers>
    <dependencies>
        <dependency>
            <groupId>andromda</groupId>
            <artifactId>maven-andromda-plugin</artifactId>
            <version>${pom.currentVersion}</version>
            <type>plugin</type>
        </dependency>
        <dependency>
            <groupId>andromda</groupId>
            <artifactId>andromda-core</artifactId>
            <version>${pom.currentVersion}</version>
            <properties/>
        </dependency>
        <dependency>
            <groupId>andromda</groupId>
            <artifactId>andromda-metafacades-uml</artifactId>
            <version>${pom.currentVersion}</version>
            <properties/>
        </dependency>
        <dependency>
            <groupId>andromda</groupId>
            <artifactId>andromda-meta-cartridge</artifactId>
            <version>${pom.currentVersion}</version>
            <properties/>
        </dependency>
        <dependency>
            <groupId>commons-collections</groupId>
            <artifactId>commons-collections</artifactId>
            <version>3.1</version>
            <properties/>
        </dependency>
        <dependency>
            <groupId>commons-lang</groupId>
            <artifactId>commons-lang</artifactId>
            <version>2.0</version>
            <properties/>
        </dependency>
        <!-- test dependencies -->
        <dependency>
            <groupId>andromda</groupId>
            <artifactId>andromda-cartridge-plugin</artifactId>
            <version>${pom.currentVersion}</version>
            <type>plugin</type>
            <properties/>
        </dependency>
    </dependencies>
    <build>
        <sourceDirectory>src/java</sourceDirectory>
    </build>
    <properties/>
</project>