<project
    default="jar:install"
    xmlns:ant="jelly:ant"
    xmlns:maven="jelly:maven"
    xmlns:j="jelly:core"
    xmlns:velocity="jelly:velocity">

    <preGoal name="jar:jar">
        <ant:copy todir="${maven.build.dir}/resources">
            <ant:fileset dir="${maven.src.dir}/templates"/>
        </ant:copy>
        <!-- copy shared resources -->
        <ant:copy tofile="${maven.build.dir}/resources/j2ee-app/mda/src/uml/model.xmi" file="${model.location}"/>
        <ant:copy todir="${maven.build.dir}/resources/j2ee-app/mda/src/mappings">
            <ant:fileset dir="${mappings.location}"/>
        </ant:copy>
        <!-- bundle resources -->
        <ant:zip destfile="${maven.build.dest}/j2ee-app.zip">
            <ant:fileset dir="${maven.build.dir}/resources/j2ee-app"/>
        </ant:zip>
    </preGoal>

    <postGoal name="jar:jar">
        <!-- merge over the initialization build file -->
        <velocity:merge
            name="${maven.build.dir}/build.xml"
            basedir="${maven.src.dir}/templates"
            template="/build.xml.vsl"/>
        <!-- copy over the readme -->
        <copy tofile="${maven.build.dir}/readme.txt" file="${maven.src.dir}/templates/readme.txt"/>
    </postGoal>

</project>