<project default="jar:install"
         xmlns:ant="jelly:ant"
         xmlns:j="jelly:core">
         
    <!-- ==================================================================
             Cleans the cartridge
         ================================================================== -->        
    <goal name="clean">
        <attainGoal name="clean:clean"/>
    </goal>

    <!-- ==================================================================
             Unzip the howto images
         ================================================================== -->
    <preGoal name="xdoc:transform">
        <ant:unzip src="${howto.pictures.zip}" dest="${howto.output.dir}"/>
    </preGoal>

    <!-- ==================================================================
             Generate the PDF documentation
         ================================================================== -->
    <postGoal name="xdoc">
        <!-- copy over the online store example model -->
        <ant:copy todir="${maven.docs.dest}">
            <ant:fileset dir="../../samples/online-store/mda/src/uml"/>
        </ant:copy>
        <!-- we want to generate a pdf from the documentation -->
        <attainGoal name="fo:fo"/>
        <attainGoal name="pdf:pdf"/>
    </postGoal>

    <!-- ==================================================================
            Include the taglib code into the resources after compilation
         ================================================================== -->
    <postGoal name="java:compile">
        <ant:mkdir dir="${maven.build.dest}/resources/WEB-INF/lib"/>
        <ant:copy file="${maven.repo.local}/${pom.groupId}/jars/andromda-breadcrumbs-taglib-${pom.currentVersion}.jar"
            tofile="${maven.build.dest}/resources/WEB-INF/lib/andromda-breadcrumbs-taglib.jar"/>
        <ant:copy file="${maven.repo.local}/${pom.groupId}/jars/andromda-formatting-taglib-${pom.currentVersion}.jar"
            tofile="${maven.build.dest}/resources/WEB-INF/lib/andromda-formatting-taglib.jar"/>
        <ant:copy file="${maven.repo.local}/${pom.groupId}/jars/andromda-collections-taglib-${pom.currentVersion}.jar"
            tofile="${maven.build.dest}/resources/WEB-INF/lib/andromda-collections-taglib.jar"/>
    </postGoal>

</project>


