<?xml version="1.0"?>
<!-- Digester rules used to configure a Registry instance by Apache Digester -->
<digester-rules>

    <pattern value="components">

        <object-create-rule
              classname="org.andromda.core.namespace.NamespaceComponents" />

        <set-properties-rule>
             <alias attr-name="path" prop-name="path" />
        </set-properties-rule>

        <pattern value="component">

            <object-create-rule
                  classname="org.andromda.core.namespace.Component" />
           
            <set-properties-rule>
                 <alias attr-name="name" prop-name="name" />
            </set-properties-rule>

            <set-properties-rule>
                 <alias attr-name="type" prop-name="typeClass" />
            </set-properties-rule>

            <pattern value="path">

                <call-method-rule
                    methodname="addPath"
                    paramcount="1"
                    paramtypes="java.lang.String"/>

                <call-param-rule
                    paramnumber="0" />

            </pattern>

            <set-next-rule methodname="addComponent" />

        </pattern>

    </pattern>

</digester-rules>
