<?xml version="1.0" encoding="ISO-8859-1" ?>
<metafacades>
    <property reference="transactionType"/>
    <property reference="jboss403"/>
    <property reference="projectId"/>
    <metafacade class="org.andromda.cartridges.ejb.metafacades.ValueObjectFacadeLogicImpl" contextRoot="true">
        <mapping class="org.omg.uml.foundation.core.UmlClass$Impl">
            <stereotype>VALUE_OBJECT</stereotype>
        </mapping>
        <property reference="valueObjectPackage"/>
        <property reference="valueObjectName"/>
    </metafacade>       
    <metafacade class="org.andromda.cartridges.ejb.metafacades.CoppetecServiceFactoryFacadeLogicImpl">
        <mapping class="org.omg.uml.foundation.core.UmlClass$Impl">
            <stereotype>SERVICE_FACTORY</stereotype> 
        </mapping>
    </metafacade>
    <metafacade class="org.andromda.cartridges.ejb.metafacades.CoppetecAbstractServiceFacadeLogicImpl"> 
        <mapping class="org.omg.uml.foundation.core.UmlClass$Impl">
            <stereotype>ABSTRACT_SERVICE</stereotype>
        </mapping>
    </metafacade>
    <metafacade class="org.andromda.cartridges.ejb.metafacades.EJBOperationFacadeLogicImpl">
        <mapping class="org.omg.uml.foundation.core.Operation$Impl">
        </mapping>
    </metafacade>
    <!-- Entity EJB Metafacades -->
    <metafacade class="org.andromda.cartridges.ejb.metafacades.EJBFinderMethodFacadeLogicImpl">
        <mapping class="org.omg.uml.foundation.core.Operation$Impl">
            <stereotype>FINDER_METHOD</stereotype>
            <context>org.andromda.cartridges.ejb.metafacades.EJBEntityFacade</context>
        </mapping>
    </metafacade>
    <metafacade class="org.andromda.cartridges.ejb.metafacades.EJBFinderMethodFacadeLogicImpl">
        <mapping class="org.omg.uml.foundation.core.Operation$Impl">
            <context>org.andromda.cartridges.ejb.metafacades.EJBEntityFacade</context>
            <property name="query"/>
        </mapping>
    </metafacade>
    
    <metafacade class="org.andromda.cartridges.ejb.metafacades.CoppetecEJBPackageLogicImpl">
        <mapping class="org.omg.uml.modelmanagement.UmlPackage$Impl">
             <stereotype>MODULO_SERVICO</stereotype>
        </mapping>
    </metafacade>
    
    <metafacade class="org.andromda.cartridges.ejb.metafacades.EJBPrimaryKeyFacadeLogicImpl">
        <mapping class="org.omg.uml.foundation.core.Attribute$Impl">
            <stereotype>IDENTIFIER</stereotype>
        </mapping>
    </metafacade>
    <metafacade class="org.andromda.cartridges.ejb.metafacades.EJBEntityFacadeLogicImpl" contextRoot="true">
        <mapping class="org.omg.uml.foundation.core.UmlClass$Impl">
            <stereotype>ENTITY</stereotype>
        </mapping>
        <property reference="sqlMappingsUri"/>
        <property reference="jndiNamePrefix"/>
    </metafacade>
    <metafacade class="org.andromda.cartridges.ejb.metafacades.CoppetecMessageDrivenBeanFacadeLogicImpl">
        <mapping class="org.omg.uml.foundation.core.UmlClass$Impl">
            <stereotype>MESSAGE_DRIVEN_BEAN</stereotype>
        </mapping>
    </metafacade>
    <metafacade class="org.andromda.cartridges.ejb.metafacades.CoppetecMessageDrivenBeanClientFacadeLogicImpl">
        <mapping class="org.omg.uml.foundation.core.UmlClass$Impl">
            <stereotype>MESSAGE_DRIVEN_BEAN_CLIENT</stereotype>
        </mapping>
    </metafacade>
    <metafacade class="org.andromda.cartridges.ejb.metafacades.EJBAssociationEndFacadeLogicImpl">
        <mapping class="org.omg.uml.foundation.core.AssociationEnd$Impl">
            <context>org.andromda.cartridges.ejb.metafacades.EJBEntityFacade</context>
        </mapping>
    </metafacade>
    <metafacade class="org.andromda.cartridges.ejb.metafacades.EJBAssociationFacadeLogicImpl">
        <mapping class="org.omg.uml.foundation.core.UmlAssociation$Impl">
            <context>org.andromda.cartridges.ejb.metafacades.EJBEntityFacade</context>
        </mapping>
    </metafacade>
    <metafacade class="org.andromda.cartridges.ejb.metafacades.EJBEntityAttributeFacadeLogicImpl">
        <mapping class="org.omg.uml.foundation.core.Attribute$Impl">
            <context>org.andromda.cartridges.ejb.metafacades.EJBEntityFacade</context>
        </mapping>
    </metafacade>
    <!-- Session EJB Metafacades -->
    
    <metafacade class="org.andromda.cartridges.ejb.metafacades.CoppetecEJBWebServiceFacadeLogicImpl">
        <mapping class="org.omg.uml.foundation.core.UmlClass$Impl">
            <stereotype>WEB_SRV</stereotype>
            <stereotype>SERVICE</stereotype>
        </mapping>
    </metafacade>
    
    <metafacade class="org.andromda.cartridges.ejb.metafacades.CoppetecEJBWebServiceClientFacadeLogicImpl" contextRoot="true">
        <mapping class="org.omg.uml.foundation.core.UmlClass$Impl">
            <stereotype>WEB_SERVICE_CLIENT</stereotype>
        </mapping>
    </metafacade>
    
    <metafacade class="org.andromda.cartridges.ejb.metafacades.EJBSessionFacadeLogicImpl" contextRoot="true">
        <mapping class="org.omg.uml.foundation.core.UmlClass$Impl">
            <stereotype>SERVICE</stereotype>
        </mapping>
        <property reference="jndiNamePrefix"/>
    </metafacade>
    <metafacade class="org.andromda.cartridges.ejb.metafacades.EJBSessionAttributeFacadeLogicImpl">
        <mapping class="org.omg.uml.foundation.core.Attribute$Impl">
            <context>org.andromda.cartridges.ejb.metafacades.EJBSessionFacade</context>
        </mapping>
    </metafacade>
</metafacades>