<?xml version="1.0" encoding="ISO-8859-1" ?>

<profile>
    <documentation>
        Entity query operations (i.e. finders) can be denoted by setting the
        query flag on the modeled operation to true
        (they do not require any stereotypes).
    </documentation>
    <elements>
        <elementGroup name="Stereotypes">
            <element name="ENTITY">
                <documentation>
                    Produces a CMP EJB entity.
                </documentation>
                <value>Entity</value>
                <appliedOnElement>class</appliedOnElement>
            </element>
            <element name="DYNAMIC_RESTRICTION ">
                <documentation>
                    Representa a classe com as implementacoes 
                    dos metodos que contem a logica das restricoes dinamicas
                </documentation>
                <value>DynamicRestriction</value>
                <appliedOnElement>class</appliedOnElement>
            </element>            
           
            <element name="ABSTRACT_SERVICE">
                <documentation>
                    Produz um AbstractService.
                </documentation>
                <value>AbstractService</value>
                <appliedOnElement>class</appliedOnElement>
            </element>
            <element name="SERVICE_FACTORY">
                <documentation>
                    Produz um Service factory.
                </documentation>
                <value>ServiceFactory</value>
                <appliedOnElement>class</appliedOnElement>
            </element>
            <element name="SERVICE">
                <documentation>
                    Produces a Session EJB facade for the CMP EJB entities.
                </documentation>
                <value>Service</value>
                <appliedOnElement>class</appliedOnElement>
            </element>
            <element name="WEB_SERVICE">
                <value>WebService</value>
                <appliedOnElement>class</appliedOnElement>
            </element>
            <element name="WEB_SRV">
                <value>WebSrv</value>
                <appliedOnElement>class</appliedOnElement>
            </element>
            <element name="WEB_SERVICE_CLIENT">
                <value>WebServiceClient</value>
                <appliedOnElement>class</appliedOnElement>
            </element>
            <element name="MODULO_SERVICO">
                <documentation>
                    Produz um modulo de servico. 
                </documentation>
                <value>ModuloServico</value>
                <appliedOnElement>package</appliedOnElement>
            </element>
            <element name="MESSAGE_DRIVEN_BEAN">
                <documentation>
                    Produz um messageDrivenBean.
                </documentation>
                <value>MessageDrivenBean</value>
                <appliedOnElement>class</appliedOnElement>
            </element>
            <element name="MESSAGE_DRIVEN_BEAN_CLIENT">
                <documentation>
                    Produz um singleton que envia um objeto para messageDrivenBean.
                </documentation>
                <value>MessageDrivenBeanClient</value>
                <appliedOnElement>class</appliedOnElement>
            </element>
            <element name="IDENTIFIER">
                <documentation>
                    Identifies an attribute as an identifier (primary key).
                </documentation>
                <value>Identifier</value>
                <appliedOnElement>Entity attribute</appliedOnElement>
            </element>
            <element name="CREATE_METHOD">
                <documentation>
                    Used to tag an EJB create method.
                </documentation>
                <value>CreateMethod</value>
                <appliedOnElement>Entity operation</appliedOnElement>
            </element>
            <element name="ENTITY_REF">
                <documentation>
                    Used to reference an entity from another entity or service.
                </documentation>
                <value>EntityRef</value>
                <appliedOnElement>A dependency going into an Entity</appliedOnElement>
            </element>
            <element name="SERVICE_REF">
                <documentation>
                    Used to reference a service from an entity or another service.
                </documentation>
                <value>ServiceRef</value>
                <appliedOnElement>A dependency going into a Service</appliedOnElement>
            </element>
            <element name="VALUE_REF">
                <documentation>
                    Used to generate an association between an entity and a value object class.
                    Found attributes inside the entity as well as the value object are used to
                    get automatically filled out.
                    The entity will provide the helper method, also for saving a value object to
                    an existing entity.
                </documentation>
                <value>ValueRef</value>
                <appliedOnElement>A dependency going into a ValueObject and out of an Entity</appliedOnElement>
            </element>
        </elementGroup>
        <elementGroup name="Tagged Values">
            <element name="AUTOMATIC_KEY">
                <documentation>
                    Can be used in class level of an entity. If you set this to true,
                    the class will use an automatic key generation for the defined
                    primary key.
                    Please note: This is currently only available in BEA Weblogic
                    and can not be used with combined primary keys.
                </documentation>
                <value>@andromda.ejb.automaticKey</value>
                <appliedOnElement>Entity attribute</appliedOnElement>
            </element>
            <element name="QUERY">
                <documentation>
                    Defines a hibernate query expression.  Note that it's encouraged
                    to model your query body as an OCL constraint (instead of using
                    this tagged value).
                </documentation>
                <value>@andromda.ejb.query</value>
                <appliedOnElement>An Entity operation marked as a <code>query</code>.</appliedOnElement>
            </element>
            <element name="VIEW_TYPE">
                <documentation>
                    Defines the view type for a Session EJB.
                </documentation>
                <value>@andromda.ejb.viewType</value>
                <appliedOnElement>Service</appliedOnElement>
                <allowedValues>
                    <value default="true">remote</value>
                    <value>local</value>
                    <value>both</value>
                </allowedValues>
            </element>
            <element name="TRANSACTION_TYPE">
                <documentation>
                    Defines a transaction type for the method.
                </documentation>
                <value>@andromda.transaction.type</value>
                <appliedOnElement>Service operation</appliedOnElement>
                <allowedValues>
                    <value>NotSupported</value>
                    <value>Supports</value>
                    <value>Required</value>
                    <value>RequiresNew</value>
                    <value>Mandatory</value>
                    <value>Never</value>
                </allowedValues>
            </element>
            <element name="TABLE">
                <documentation>
                    Defines the relational table name for entity persistence.
                </documentation>
                <value>@andromda.persistence.table</value>
                <appliedOnElement>Entity or a many-to-many association.</appliedOnElement>
            </element>
            <element name="COLUMN">
                <documentation>
                    Represents the column name for entity persistence.
                </documentation>
                <value>@andromda.persistence.column</value>
                <appliedOnElement>Entity attribute</appliedOnElement>
            </element>
            <element name="COLUMN_LENGTH">
                <documentation>
                    Represents the column length for entity persistence.
                </documentation>
                <value>@andromda.persistence.column.length</value>
                <appliedOnElement>Entity attribute</appliedOnElement>
            </element>
        </elementGroup>
    </elements>
</profile>