<?xml version="1.0" encoding="UTF-8"?>

<project>
    <extend>../../project.xml</extend>
    <artifactId>andromda-ant-task</artifactId>
    <name>AndroMDA Ant Task</name>
    <description>
		The AndroMDA Ant task.  Wraps the AndroMDA framework with an 
        Ant task.
    </description>
    <shortDescription>AndroMDA Ant task</shortDescription>
    <dependencies>
        <dependency>
            <groupId>${pom.groupId}</groupId>
            <artifactId>${pom.groupId}-core</artifactId>
            <version>${pom.currentVersion}</version>
        </dependency>
        <dependency>
            <groupId>ant</groupId>
            <artifactId>ant</artifactId>
            <version>1.6.2</version>
        </dependency>
        <dependency>
            <groupId>commons-lang</groupId>
            <artifactId>commons-lang</artifactId>
            <version>2.0</version>
        </dependency>
        <dependency>
            <groupId>commons-collections</groupId>
            <artifactId>commons-collections</artifactId>
            <version>3.1</version>
        </dependency>
        <dependency>
            <groupId>${pom.groupId}</groupId>
            <artifactId>andromda-site-plugin</artifactId>
            <version>${pom.currentVersion}</version>
            <type>plugin</type>
        </dependency>
    </dependencies>
    <build>
        <sourceDirectory>src/java</sourceDirectory>
    </build>
    <reports>
        <report>maven-jxr-plugin</report>
        <report>maven-javadoc-plugin</report>
        <report>maven-simian-plugin</report>
        <report>maven-pmd-plugin</report>
        <report>maven-jdepend-plugin</report>
        <report>maven-faq-plugin</report>
        <report>maven-tasklist-plugin</report>
        <report>maven-file-activity-plugin</report>
        <report>maven-developer-activity-plugin</report>
        <report>maven-junit-report-plugin</report>
        <report>maven-changelog-plugin</report>
        <report>maven-changes-plugin</report>
    </reports>
</project>
