<?xml version="1.0" encoding="UTF-8"?>

<project>
    <extend>../project.xml</extend>
    <artifactId>andromda-jbpm-cartridge</artifactId>
    <name>AndroMDA jBPM Cartridge</name>
    <shortDescription>jBPM Business Process Modeling</shortDescription>
    <description>
		http://www.jboss.org/
    </description>
    <issueTrackingUrl>${issue.tracking.location}/BrowseProject.jspa?id=10090&amp;decorator=none</issueTrackingUrl>
    <developers>
        <developer>
            <name>Wouter Zoons</name>
            <id>draftdog</id>
            <email>wouter@andromda.org</email>
            <roles>
                <role>Developer</role>
                <role>Documentation</role>
            </roles>
            <timezone>1</timezone>
        </developer>
    </developers>
    <dependencies>
        <dependency>
            <groupId>andromda</groupId>
            <artifactId>maven-andromda-plugin</artifactId>
            <version>${pom.currentVersion}</version>
            <type>plugin</type>
        </dependency>
        <dependency>
            <groupId>andromda</groupId>
            <artifactId>andromda-java-cartridge</artifactId>
            <version>${pom.currentVersion}</version>
            <properties>
                <value-objects>${basedir}/target/src</value-objects>
            </properties>
        </dependency>
        <dependency>
            <groupId>andromda</groupId>
            <artifactId>andromda-cartridge-plugin</artifactId>
            <version>${pom.currentVersion}</version>
            <type>plugin</type>
        </dependency>
        <dependency>
            <groupId>andromda</groupId>
            <artifactId>andromda-core</artifactId>
            <version>${pom.currentVersion}</version>
        </dependency>
        <dependency>
            <groupId>andromda</groupId>
            <artifactId>andromda-metafacades-uml</artifactId>
            <version>${pom.currentVersion}</version>
        </dependency>
        <dependency>
            <groupId>andromda</groupId>
            <artifactId>andromda-metafacades-uml14</artifactId>
            <version>${pom.currentVersion}</version>
        </dependency>
        <dependency>
            <groupId>andromda</groupId>
            <artifactId>andromda-meta-cartridge</artifactId>
            <version>${pom.currentVersion}</version>
        </dependency>
        <dependency>
            <groupId>andromda</groupId>
            <artifactId>andromda-ocl-validation-library</artifactId>
            <version>${pom.currentVersion}</version>
        </dependency>
        <dependency>
            <groupId>commons-lang</groupId>
            <artifactId>commons-lang</artifactId>
            <version>2.0</version>
        </dependency>
        <dependency>
            <groupId>commons-collections</groupId>
            <artifactId>commons-collections</artifactId>
     		<version>3.1</version>
        </dependency>
        <dependency>
            <groupId>log4j</groupId>
            <artifactId>log4j</artifactId>
            <version>1.2.8</version>
        </dependency>
    </dependencies>
</project>
