<?xml version="1.0" encoding="ISO-8859-1" ?>

<!-- contains andromda-meta's metafacade mappings -->
<metafacades>
    <property reference="implementationOperationNamePattern"/>
    <metafacade class="org.andromda.cartridges.meta.metafacades.MetafacadeLogicImpl" contextRoot="true">
        <mapping>
            <stereotype>METAFACADE</stereotype>
        </mapping>
        <property reference="metamodelVersionPackage"/>
    </metafacade>
    <metafacade class="org.andromda.cartridges.meta.metafacades.MetafacadeOperationLogicImpl">
        <mapping>
            <context>org.andromda.cartridges.meta.metafacades.Metafacade</context>
        </mapping>
    </metafacade>
    <metafacade class="org.andromda.cartridges.meta.metafacades.MetafacadeAssociationEndLogicImpl">
        <mapping>
            <context>org.andromda.cartridges.meta.metafacades.Metafacade</context>
        </mapping>
    </metafacade>
    <metafacade class="org.andromda.cartridges.meta.metafacades.MetafacadeAttributeLogicImpl">
        <mapping>
            <context>org.andromda.cartridges.meta.metafacades.Metafacade</context>
        </mapping>
    </metafacade>
    <metafacade class="org.andromda.cartridges.meta.metafacades.MetafacadeGeneralizationLogicImpl">
        <mapping>
            <context>org.andromda.cartridges.meta.metafacades.Metafacade</context>
        </mapping>
        <property reference="generalizationNamePattern"/>
    </metafacade>
</metafacades>
