<?xml version="1.0" encoding="ISO-8859-1" ?>

<namespace name="meta">
    <components>
        <component name="cartridge">
            <path>META-INF/andromda/cartridge.xml</path>
        </component>
        <component name="metafacades">
            <path>META-INF/andromda/metafacades.xml</path>
        </component>
        <component name="profile">
            <path>META-INF/andromda/profile.xml</path>
        </component>
    </components>
    <properties>
        <!-- namespace-propertyGroup merge-point -->
        <propertyGroup name="Outlet">
            <documentation>
                Defines the locations to which output is generated.
            </documentation>
            <property name="facade-logics">
                <documentation>
                    The location to which metafacade logic classes are generated.
                </documentation>
            </property>
            <property name="facade-logic-impls">
                <documentation>
                    The directory to which metafacade logic implementation classes are generated.
                </documentation>
            </property>
            <property name="facades">
                <documentation>
                    The location to which metafacade interfaces are generated.
                </documentation>
            </property>
            <property name="facades-to-impls">
                <documentation>
                    The directory to which the <code>metafacade-impls.properties</code>
                    file is generated.
                </documentation>
            </property>
        </propertyGroup>
        <propertyGroup name="Other">
            <property name="implementationOperationNamePattern">
                <default>handle{0}</default>
                <documentation>
                    The pattern used to the create the implementation name for metafacade
                    operations that perform the logic of attributes, association ends, and operations,
                    where <em>{0}</em> represents the operation name
                </documentation>
            </property>
            <property name="metamodelVersionPackage" required="false">
                <documentation>
                    This is the package to which the metafacade 'Logic' classes are generated.
                    For example for the UML 1.4 metafacades we set this property to
                    <em>org.andromda.metafacades.uml14</em>, for UML 1.3 we'd set it to
                    <em>org.andromda.metafacades.uml13</em>, etc).
                </documentation>
            </property>
            <property name="generalizationNamePattern">
                <default>super{0}</default>
                <documentation>
                    The pattern used for constructing the generalize name
                    for the delegated generalizations (these are exposed
                    to the child metafacade implementation class when
                    a metafacade extends more than one other metafacade).
                    <em>{0}</em> is the name of the generalization (or type
                    if the name has not been specified).
                </documentation>
            </property>
            <property name="fullyQualifiedMetafacadeRoot">
                <default>org.andromda.core.metafacade.MetafacadeBaseModular</default>
                <documentation>
                    The fully qualified name of the root metafacade class.  This normally
                    should not be changed from the default.
                </documentation>
            </property>
        </propertyGroup>
    </properties>
</namespace>