<project>
    <extend>../project.xml</extend>
    <name>AndroMDA Core</name>
    <artifactId>andromda-core</artifactId>
    <package>org.andromda.core</package>
    <description>
        The Core refers to the "engine" of the framework. The core
        takes care of making all the components of AndroMDA work together. This
        includes plugin discovery (i.e. cartridges, translation-libraries),
        manufacturing of metafacades, etc.
    </description>
    <shortDescription>The Framework Core</shortDescription>
    <issueTrackingUrl>${issue.tracking.location}/BrowseProject.jspa?id=10003&amp;decorator=none</issueTrackingUrl>
    <repository>
        <connection>scm:cvs:${repository.connection.mode}:${repository.connection.user}@cvs.sourceforge.net:/cvsroot/andromda:andromda/andromda</connection>
        <url>http://cvs.sourceforge.net/viewcvs.py/andromda/andromda/</url>
    </repository>
    <dependencies>
        <dependency>
            <groupId>commons-collections</groupId>
            <artifactId>commons-collections</artifactId>
            <version>3.1</version>
            <properties/>
        </dependency>
        <dependency>
            <groupId>commons-digester</groupId>
            <artifactId>commons-digester</artifactId>
            <version>1.7</version>
            <properties/>
        </dependency>
        <dependency>
            <groupId>commons-lang</groupId>
            <artifactId>commons-lang</artifactId>
            <version>2.0</version>
            <properties/>
        </dependency>
        <dependency>
            <groupId>log4j</groupId>
            <artifactId>log4j</artifactId>
            <version>1.2.8</version>
            <properties/>
        </dependency>
        <dependency>
            <groupId>${pom.groupId}</groupId>
            <artifactId>andromda-site-plugin</artifactId>
            <version>${pom.currentVersion}</version>
            <type>plugin</type>
        </dependency>
        <!-- These dependencies are runtime test dependencies only -->
        <dependency>
            <groupId>commons-beanutils</groupId>
            <artifactId>commons-beanutils</artifactId>
            <version>1.7.0</version>
            <type>test</type>
        </dependency>
        <dependency>
            <groupId>xalan</groupId>
            <artifactId>xalan</artifactId>
            <version>2.6.0</version>
            <type>test</type>
        </dependency>
        <dependency>
            <groupId>commons-logging</groupId>
            <artifactId>commons-logging</artifactId>
            <version>1.0.4</version>
            <type>test</type>
            <properties/>
        </dependency>
    </dependencies>
    <build>
        <sourceDirectory>src/java</sourceDirectory>
        <unitTestSourceDirectory>src/test/java</unitTestSourceDirectory>
        <unitTest>
            <includes>
                <include>**/*Test.java</include>
            </includes>
            <resources>
                <resource>
                    <directory>src/test/java</directory>
                    <excludes>
                        <exclude>**/*.java</exclude>
                    </excludes>
                    <filtering>false</filtering>
                </resource>
            </resources>
        </unitTest>
        <resources>
            <resource>
                <directory>src/java</directory>
                <excludes>
                    <exclude>**/*.java</exclude>
                </excludes>
                <filtering>false</filtering>
            </resource>
            <resource>
                <directory>target/src/java</directory>
                <excludes>
                    <exclude>**/*.java</exclude>
                </excludes>
                <filtering>false</filtering>
            </resource>
            <resource>
                <directory>src</directory>
                <includes>
                    <include>META-INF/**/*</include>
                </includes>
                <filtering>true</filtering>
            </resource>
        </resources>
    </build>
    <reports>
        <report>maven-jxr-plugin</report>
        <report>maven-javadoc-plugin</report>
        <report>maven-simian-plugin</report>
        <report>maven-pmd-plugin</report>
        <report>maven-jdepend-plugin</report>
        <report>maven-faq-plugin</report>
        <report>maven-tasklist-plugin</report>
        <report>maven-file-activity-plugin</report>
        <report>maven-developer-activity-plugin</report>
        <report>maven-junit-report-plugin</report>
        <report>maven-changelog-plugin</report>
        <report>maven-changes-plugin</report>
    </reports>
    <properties/>
</project>