<andromda>
    <properties>
        <property name="cartridgeFilter">bpm4struts</property>
        <property name="failOnValidationErrors">false</property>
    </properties>
    <repositories>
        <repository name="netBeansMDR">
            <models>
                <model>
                    <uri>${andromda.cartridge.howto.model.uri}</uri>
                    <moduleSearchLocations>
                        <location patterns="**/*.xml.zip">${basedir}/../../profiles</location>
                    </moduleSearchLocations>
                </model>
            </models>            
        </repository>
    </repositories>
    <namespaces>
        <namespace name="bpm4struts">
            <properties>
                <property name="overwrite">true</property>
                <property name="xhtml">false</property>
                <property name="dummyData">true</property>
                <property name="breadCrumbs">true</property>
                <property name="onlineHelp">true</property>
                <property name="welcomeFileName">index.jsp</property>
                <property name="clientValidation">true</property>
                <property name="serverValidation">true</property>
                <property name="securityRealm">other</property>
                <property name="server">${howto.output.dir}</property>
                <property name="forms">${howto.output.dir}</property>
                <property name="pages">${howto.output.dir}</property>
                <property name="actions">${howto.output.dir}</property>
                <property name="controllers">${howto.output.dir}</property>
                <property name="controller-impls">${howto.output.dir}</property>
                <property name="messages">${howto.output.dir}</property>
                <property name="configuration">${howto.output.dir}</property>
                <property name="languageMappingsUri">Java</property>
                <property name="wrapperMappingsUri">JavaWrapper</property>
                <property name="serviceAccessorPattern">{0}.ServiceLocator.instance().get{1}()</property>
                <property name="servicePackageNamePattern">{0}.ws</property>
                <property name="roleNameMask">uppercamelcase</property>
            </properties>
        </namespace>
    </namespaces>
</andromda>