<?xml version="1.0" encoding="UTF-8"?>

<project>
    <extend>../../project.xml</extend>
    <artifactId>andromda-jsf-cartridge-components</artifactId>
    <name>AndroMDA JSF Cartridge Components</name>
    <shortDescription>Constains custom JSF components used by the JSF cartridge</shortDescription>
    <description>${pom.shortDescription}</description>
    <dependencies>
        <dependency>
            <groupId>myfaces</groupId>
            <artifactId>myfaces-impl</artifactId>
            <version>1.1.0</version>
        </dependency>
        <dependency>
            <groupId>myfaces</groupId>
            <artifactId>myfaces-api</artifactId>
            <version>1.1.0</version>
        </dependency>
        <dependency>
            <groupId>myfaces</groupId>
            <artifactId>tomahawk</artifactId>
            <version>1.1.0</version>
        </dependency>
        <dependency>
            <groupId>commons-lang</groupId>
            <artifactId>commons-lang</artifactId>
            <version>2.0</version>
        </dependency>
        <dependency>
            <groupId>commons-validator</groupId>
            <artifactId>commons-validator</artifactId>
            <version>1.1.4</version>
        </dependency>
        <dependency>
            <groupId>commons-beanutils</groupId>
            <artifactId>commons-beanutils</artifactId>
            <version>1.7.0</version>
        </dependency>
        <dependency>
            <groupId>commons-logging</groupId>
            <artifactId>commons-logging</artifactId>
            <version>1.0.4</version>
        </dependency>
        <!-- taglib dependencies -->
        <dependency>
            <groupId>tomcat</groupId>
            <artifactId>jsp-api</artifactId>
            <version>5.0.18</version>
        </dependency>
        <dependency>
            <groupId>servletapi</groupId>
            <artifactId>servletapi</artifactId>
            <version>2.4-20040521</version>
        </dependency>
    </dependencies>
</project>