<?xml version="1.0" encoding="UTF-8"?>

<project>
    <extend>../project.xml</extend>
    <artifactId>andromda-hibernate-cartridge-coppetec</artifactId>
    <name>AndroMDA Hibernate Cartridge</name>
    <shortDescription>Hibernate Cartridge</shortDescription>
    <description>
        Produces Hibernate entities optionally services implemented as Session EJB facades.
    </description>
    <issueTrackingUrl>${issue.tracking.location}/BrowseProject.jspa?id=10012&amp;decorator=none</issueTrackingUrl>
    <developers>
        <developer>
            <name>Matthias Bohlen</name>
            <id>mattes3</id>
            <email>matthias@andromda.org</email>
            <roles>
                <role>Developer</role>
            </roles>
        </developer>
        <developer>
            <name>Chad Brandon</name>
            <id>cwbrandon</id>
            <email>chad@andromda.org</email>
            <roles>
                <role>Developer</role>
            </roles>
        </developer>
         <developer>
            <name>Carlos Cuenca</name>
            <id>carloslcuenca</id>
            <email>carlos@andromda.org</email>
            <roles>
                <role>Developer</role>
            </roles>
        </developer>
        <developer>
            <name>Peter Friese</name>
            <id>freter</id>
            <email>peter@andromda.org</email>
            <roles>
                <role>Developer</role>
            </roles>
        </developer>
    </developers>
    <contributors>
        <contributor>
            <name>Klaus Schultz</name>
            <email>klaus@kschultz.de</email>
            <roles>
                <role>Developer</role>
            </roles>
        </contributor>
    </contributors>
    <dependencies>
        <dependency>
            <groupId>andromda</groupId>
            <artifactId>maven-andromda-plugin</artifactId>
            <version>${pom.currentVersion}</version>
            <type>plugin</type>
        </dependency>
        <dependency>
            <groupId>andromda</groupId>
            <artifactId>andromda-core</artifactId>
            <version>${pom.currentVersion}</version>
        </dependency>
        <dependency>
            <groupId>andromda</groupId>
            <artifactId>andromda-metafacades-uml</artifactId>
            <version>${pom.currentVersion}</version>
        </dependency>
        <dependency>
            <groupId>andromda</groupId>
            <artifactId>andromda-metafacades-uml14</artifactId>
            <version>${pom.currentVersion}</version>
        </dependency>
        <dependency>
            <groupId>andromda</groupId>
            <artifactId>andromda-meta-cartridge</artifactId>
            <version>${pom.currentVersion}</version>
        </dependency>
        <dependency>
            <groupId>andromda</groupId>
            <artifactId>andromda-ocl-validation-library</artifactId>
            <version>${pom.currentVersion}</version>
        </dependency>
        <dependency>
            <groupId>commons-lang</groupId>
            <artifactId>commons-lang</artifactId>
            <version>2.0</version>
        </dependency>
        <dependency>
            <groupId>commons-collections</groupId>
            <artifactId>commons-collections</artifactId>
             <version>3.1</version>
        </dependency>
        <dependency>
            <groupId>log4j</groupId>
            <artifactId>log4j</artifactId>
            <version>1.2.8</version>
            <properties/>
        </dependency>
        <!-- test dependencies -->
        <dependency>
            <groupId>andromda</groupId>
            <artifactId>andromda-cartridge-plugin</artifactId>
            <version>${pom.currentVersion}</version>
            <type>plugin</type>
            <properties/>
        </dependency>
        <dependency>
            <groupId>andromda</groupId>
            <artifactId>andromda-ocl-query-library</artifactId>
            <version>${pom.currentVersion}</version>
            <properties>
                <cartridge.testDependency/>
            </properties>
        </dependency>
    </dependencies>
</project>
